Rank,User_Id,Commnet_Amount
1,355880,94
2,12857582,88
3,37674938,67
4,57076816,65
5,12521884,64
6,35591703,62
7,26424636,61
8,64679318,44
9,63423891,42
10,239837,41
11,47123844,38
12,53612425,37
13,12582762,34
14,56780855,30
15,51878992,30
16,34677113,27
17,48996245,25
18,39601591,24
19,31713359,22
20,52131820,22
21,65110053,22
22,51284005,20
23,7239935,20
24,69450816,19
25,33888832,19
26,57353517,19
27,40249616,19
28,30393754,19
29,38331232,19
30,40118532,18
31,1258177,18
32,58504738,17
33,57179778,17
34,21817067,17
35,18391468,17
36,65278019,15
37,38719888,15
38,53909157,15
39,66581027,15
40,495283,15
41,57987015,14
42,62856899,14
43,40498339,14
44,11228992,14
45,44287968,14
46,7531892,14
47,1954665,13
48,19155409,13
49,9640850,13
50,60080684,13
51,31956435,13
52,57742567,12
53,21674888,12
54,62945206,12
55,73444633,12
56,42578635,12
57,27509781,11
58,48147869,11
59,53277592,11
60,52295183,11
61,47349721,11
62,65972486,11
63,37315322,10
64,49716641,10
65,57386867,10
66,47513080,10
67,55046144,10
68,63687177,10
69,29899499,10
70,62139528,10
71,25504325,10
72,60909833,10
73,69051443,10
74,67803200,9
75,60071401,9
76,3213486,9
77,63207005,9
78,60025659,9
79,57884580,9
80,36252727,9
81,65015308,9
82,67688814,9
83,56166904,9
84,5340020,9
85,34181869,9
86,72212632,9
87,48276181,9
88,77610440,9
89,15444060,8
90,73779863,8
91,61397772,8
92,8276026,8
93,65857033,8
94,16909680,8
95,67094475,8
96,63367016,8
97,66788641,8
98,62231823,8
99,829618,8
100,68499124,8
101,42850188,8
102,4153802,8
103,12167092,8
104,6608868,8
105,45513833,7
106,22739177,7
107,137495,7
108,53616761,7
109,57677228,7
110,72967915,7
111,55459139,7
112,70400381,7
113,7831295,7
114,57123959,7
115,68674923,7
116,22528152,7
117,41188,7
118,18777489,7
119,46958628,7
120,4985602,7
121,65312034,7
122,68481286,7
123,17374907,7
124,58923646,7
125,69994889,7
126,30315546,7
127,57529183,7
128,1948827,7
129,62490139,7
130,61073654,7
131,58303694,6
132,57712797,6
133,14749653,6
134,53754055,6
135,1425920,6
136,63544487,6
137,46916332,6
138,69758114,6
139,67230750,6
140,60790181,6
141,27056053,6
142,20454347,6
143,23130551,6
144,51905269,6
145,73928952,6
146,1735117,6
147,55084572,6
148,16045665,6
149,10369639,6
150,67664341,6
151,19971751,6
152,22564987,6
153,16500152,6
154,67045630,6
155,61559433,6
156,11145175,6
157,4009962,6
158,71506047,6
159,19493260,6
160,46954653,6
161,33159236,6
162,58565194,6
163,67491119,6
164,65281121,6
165,69344475,6
166,54518159,6
167,75733784,6
168,42008838,5
169,25719306,5
170,61718359,5
171,49315461,5
172,20119230,5
173,58146393,5
174,18855202,5
175,63210810,5
176,57645384,5
177,61339302,5
178,35186053,5
179,432006,5
180,62484831,5
181,8562342,5
182,70197753,5
183,8203131,5
184,48117818,5
185,6998114,5
186,52099086,5
187,4952842,5
188,56852144,5
189,1206955,5
190,21456951,5
191,59813027,5
192,35014462,5
193,66555774,5
194,42127533,5
195,21242913,5
196,8661728,5
197,61541717,5
198,49524027,5
199,38162082,5
200,75106,5
201,71578093,5
202,67498428,5
203,37475504,5
204,73318075,5
205,30644652,5
206,57968201,5
207,28617892,5
208,60734867,5
209,32195826,5
210,22837994,5
211,607947,5
212,63462973,5
213,68733629,5
214,69180713,5
215,4172229,5
216,46850779,5
217,142381,5
218,67454483,5
219,65473398,5
220,46920789,5
221,68588887,5
222,63543878,5
223,55127046,5
224,69131366,5
225,5840605,5
226,67347041,5
227,36613260,5
228,75916881,5
229,67892453,5
230,32779154,5
231,49817195,5
232,73686429,5
233,48894622,5
234,3985142,5
235,4596348,5
236,72915045,5
237,77496184,5
238,65649821,5
239,65431352,5
240,13327168,4
241,11923127,4
242,18426496,4
243,4348749,4
244,59697229,4
245,19763522,4
246,60594370,4
247,50228091,4
248,66946004,4
249,17594760,4
250,44275145,4
251,70238197,4
252,57566172,4
253,63738877,4
254,52739184,4
255,60339062,4
256,14762948,4
257,56780323,4
258,67004765,4
259,62372299,4
260,29629210,4
261,358739,4
262,65412382,4
263,45502378,4
264,27956979,4
265,523395,4
266,69261150,4
267,13957398,4
268,44434605,4
269,192763,4
270,379451,4
271,26251732,4
272,13063518,4
273,63911157,4
274,16603388,4
275,58923635,4
276,21676453,4
277,17173195,4
278,23634565,4
279,61287692,4
280,23979778,4
281,53860278,4
282,51027909,4
283,69573394,4
284,59600366,4
285,54547503,4
286,71299340,4
287,3770357,4
288,2073520,4
289,67359781,4
290,70037715,4
291,58777662,4
292,20183338,4
293,408839,4
294,41973174,4
295,35452302,4
296,65326277,4
297,46918499,4
298,42827947,4
299,22956012,4
300,39490855,4
301,61983322,4
302,63351622,4
303,20657712,4
304,47156055,4
305,65067919,4
306,65538219,4
307,28388557,4
308,7122693,4
309,37429222,4
310,44860527,4
311,50443654,4
312,55678593,4
313,908699,4
314,75715007,4
315,38816970,4
316,125541,4
317,75812583,4
318,41855254,4
319,22629813,4
320,33339923,4
321,21066648,4
322,9905192,4
323,7132394,4
324,34919155,4
325,745812,4
326,60602989,4
327,46931257,4
328,61792978,4
329,75890335,4
330,25294557,4
331,57595872,4
332,60206770,4
333,27988262,4
334,28588861,4
335,66520383,4
336,12443097,4
337,59209989,4
338,60870716,4
339,67963088,4
340,66421514,4
341,66865645,4
342,70726176,4
343,46486104,4
344,55640880,4
345,1184284,4
346,66603644,4
347,35463378,4
348,30357138,4
349,75716722,4
350,76779245,4
351,62857089,4
352,33213475,4
353,18646962,4
354,63858546,4
355,9151670,4
356,66200995,4
357,77485322,4
358,21896305,4
359,30188735,3
360,11224616,3
361,64779973,3
362,51184641,3
363,48132017,3
364,69673872,3
365,7717049,3
366,59969301,3
367,19907225,3
368,57641454,3
369,35495493,3
370,65113539,3
371,2128717,3
372,27491561,3
373,65417924,3
374,58147755,3
375,4728964,3
376,57882928,3
377,21991854,3
378,68484538,3
379,69526895,3
380,63774336,3
381,46986266,3
382,25676827,3
383,56754077,3
384,16855960,3
385,60667782,3
386,53713809,3
387,72895420,3
388,65420067,3
389,59456552,3
390,30370898,3
391,52829265,3
392,1866801,3
393,28023778,3
394,66746113,3
395,73905922,3
396,54329330,3
397,48183969,3
398,28863574,3
399,34805902,3
400,62266564,3
401,13355775,3
402,72525005,3
403,67311634,3
404,69620519,3
405,6244554,3
406,65265712,3
407,5310634,3
408,46923481,3
409,51857970,3
410,46826163,3
411,4523842,3
412,45818638,3
413,40414270,3
414,60215558,3
415,51413486,3
416,62475701,3
417,72318600,3
418,65990911,3
419,55065991,3
420,59950369,3
421,46565261,3
422,47112177,3
423,60552545,3
424,41105837,3
425,39230658,3
426,47693082,3
427,59523432,3
428,42572458,3
429,515049,3
430,64890360,3
431,16862426,3
432,39126935,3
433,19845139,3
434,6373601,3
435,35951226,3
436,22611171,3
437,68128305,3
438,31215304,3
439,16225687,3
440,60772256,3
441,58658193,3
442,74622683,3
443,72929587,3
444,70944699,3
445,9271683,3
446,72169428,3
447,165864,3
448,64462680,3
449,67692380,3
450,2725950,3
451,68623660,3
452,71798940,3
453,3779155,3
454,30706749,3
455,63428370,3
456,60359437,3
457,8399640,3
458,64356798,3
459,31638827,3
460,51419812,3
461,31799680,3
462,27421933,3
463,33217952,3
464,18851823,3
465,55195896,3
466,71481505,3
467,74439155,3
468,65482851,3
469,66504603,3
470,65660272,3
471,69365652,3
472,63569825,3
473,63591903,3
474,948194,3
475,61961296,3
476,56683561,3
477,60091115,3
478,14471170,3
479,14195106,3
480,32239510,3
481,57495180,3
482,21489485,3
483,65960622,3
484,68215780,3
485,69691054,3
486,63645156,3
487,75306429,3
488,39263248,3
489,75311091,3
490,17063901,3
491,1931421,3
492,45406730,3
493,69672548,3
494,13648443,3
495,43068131,3
496,56549585,3
497,51842646,3
498,73643996,3
499,71984702,3
500,54468547,3
501,63102166,3
502,28220645,3
503,57084036,3
504,51839868,3
505,75806743,3
506,57411182,3
507,61881917,3
508,28379300,3
509,39116703,3
510,66300873,3
511,59003930,3
512,195475,3
513,35980718,3
514,64521822,3
515,58163322,3
516,41842144,3
517,67834358,3
518,67229866,3
519,536526,3
520,38835756,3
521,32036298,3
522,15372802,3
523,79562,3
524,57475904,3
525,63483890,3
526,31669297,3
527,72096701,3
528,12753220,3
529,26738619,3
530,63633849,3
531,63296061,3
532,69548808,3
533,7715071,3
534,68821277,3
535,61811374,3
536,59349245,3
537,56897902,3
538,73300965,3
539,66124365,3
540,58125354,3
541,2108947,3
542,13201855,3
543,50973161,3
544,56845759,3
545,47581584,3
546,14829374,3
547,65455323,3
548,66332358,3
549,74519912,3
550,61300501,3
551,39800365,3
552,71923961,3
553,67484748,3
554,27854225,3
555,58531668,3
556,75996677,3
557,54544961,3
558,40668303,3
559,66544919,3
560,30246303,3
561,74386130,3
562,45621104,3
563,6791454,3
564,40796869,3
565,65837377,3
566,48063402,3
567,63823446,3
568,60698979,3
569,69678834,3
570,76479494,3
571,57046608,3
572,53422502,3
573,31229171,3
574,21532731,3
575,67740362,3
576,44849336,3
577,6988308,3
578,74695031,3
579,3123529,3
580,59828779,3
581,75003048,3
582,66997538,3
583,2416590,3
584,74014596,3
585,44646914,3
586,58699902,3
587,940212,3
588,29360021,3
589,54512326,3
590,72678827,3
591,67537168,3
592,57048689,3
593,76489543,3
594,38100935,3
595,48536104,3
596,6972344,3
597,77847572,3
598,15125136,3
599,60417972,3
600,66882868,3
601,33578256,3
602,3269290,3
603,70674765,3
604,11359009,3
605,70893425,3
606,70585272,3
607,54119191,3
608,57310719,3
609,1203302,2
610,71038878,2
611,65109524,2
612,73908981,2
613,36473283,2
614,37033065,2
615,42974235,2
616,58680644,2
617,45637812,2
618,64776985,2
619,60917460,2
620,66529358,2
621,65753874,2
622,6098666,2
623,53251587,2
624,66903820,2
625,57274245,2
626,56944836,2
627,70283044,2
628,3302684,2
629,12556360,2
630,8789398,2
631,73978855,2
632,1132383,2
633,15067430,2
634,2312585,2
635,71697187,2
636,69198577,2
637,45645078,2
638,14843896,2
639,23529788,2
640,34081583,2
641,37196826,2
642,10354865,2
643,25112622,2
644,67107079,2
645,68407754,2
646,32224977,2
647,64367229,2
648,26328255,2
649,52099257,2
650,59229961,2
651,1951292,2
652,59337904,2
653,5001092,2
654,69388449,2
655,59781917,2
656,73960826,2
657,27538058,2
658,73797827,2
659,23135912,2
660,47128359,2
661,9213268,2
662,52496099,2
663,40093565,2
664,66503176,2
665,56305882,2
666,65840548,2
667,72684764,2
668,38444127,2
669,45760072,2
670,73468630,2
671,65495338,2
672,67858785,2
673,64304875,2
674,56505895,2
675,61459731,2
676,63422441,2
677,64548654,2
678,59120993,2
679,19888233,2
680,72249295,2
681,62392749,2
682,49060970,2
683,57923634,2
684,64024,2
685,65039407,2
686,50396067,2
687,68650859,2
688,74213742,2
689,1697445,2
690,64667369,2
691,14121543,2
692,54750728,2
693,4039053,2
694,16993145,2
695,74131521,2
696,69677914,2
697,48751578,2
698,252832,2
699,48773462,2
700,2325294,2
701,73899564,2
702,45764788,2
703,69662717,2
704,69443377,2
705,57687533,2
706,44647748,2
707,67416055,2
708,34012498,2
709,73070446,2
710,20663434,2
711,11306109,2
712,23239639,2
713,14526247,2
714,65606861,2
715,67263102,2
716,52886408,2
717,67916833,2
718,38189909,2
719,2643350,2
720,67172114,2
721,6195649,2
722,72669485,2
723,19111801,2
724,48170668,2
725,1812066,2
726,62463445,2
727,479315,2
728,58268518,2
729,65132226,2
730,44766294,2
731,20554553,2
732,47110106,2
733,68022853,2
734,70342253,2
735,14214201,2
736,48307985,2
737,64988154,2
738,56290782,2
739,1197127,2
740,8223996,2
741,19985756,2
742,51275585,2
743,73794926,2
744,64905370,2
745,35733663,2
746,58189745,2
747,19044386,2
748,40880089,2
749,42313730,2
750,66589251,2
751,68037096,2
752,22033353,2
753,66964410,2
754,19967407,2
755,59696136,2
756,8627149,2
757,59624089,2
758,27988722,2
759,71240928,2
760,49923880,2
761,65929609,2
762,23355000,2
763,65416512,2
764,48427661,2
765,54179404,2
766,74580872,2
767,66222588,2
768,16760618,2
769,36067547,2
770,49841559,2
771,1456724,2
772,2518337,2
773,17422426,2
774,55545800,2
775,27925817,2
776,60143004,2
777,18283368,2
778,60965616,2
779,14370012,2
780,46936593,2
781,61337953,2
782,69997790,2
783,55637968,2
784,49527177,2
785,17718724,2
786,30138999,2
787,70036336,2
788,55529044,2
789,60308777,2
790,73221425,2
791,74693680,2
792,67579030,2
793,69313662,2
794,15384018,2
795,30690106,2
796,40405621,2
797,43757808,2
798,15268954,2
799,53124137,2
800,58163131,2
801,27631984,2
802,15329200,2
803,14162766,2
804,72369775,2
805,675571,2
806,46074824,2
807,69566625,2
808,54526004,2
809,56146795,2
810,40895153,2
811,26418147,2
812,73003844,2
813,41232513,2
814,62514961,2
815,53460133,2
816,69020715,2
817,58718518,2
818,64972592,2
819,68790146,2
820,67923306,2
821,47231823,2
822,62195898,2
823,32438179,2
824,25015462,2
825,49266071,2
826,67820750,2
827,1629669,2
828,72600319,2
829,13781056,2
830,65735169,2
831,73665875,2
832,67662459,2
833,68898371,2
834,8067339,2
835,68918272,2
836,70055117,2
837,74484329,2
838,58064414,2
839,68899079,2
840,68036025,2
841,31333891,2
842,35824323,2
843,72585149,2
844,34984945,2
845,69893051,2
846,58325780,2
847,68161122,2
848,66488746,2
849,40223854,2
850,45824068,2
851,20993415,2
852,48106235,2
853,63075421,2
854,26209,2
855,49069088,2
856,55158749,2
857,49512406,2
858,56648336,2
859,57267619,2
860,75026554,2
861,49161528,2
862,42076164,2
863,25487073,2
864,73259742,2
865,35691347,2
866,22815097,2
867,50641802,2
868,47280654,2
869,59665831,2
870,26662134,2
871,67719325,2
872,34419602,2
873,2000487,2
874,65594826,2
875,49469332,2
876,28415751,2
877,69747518,2
878,1247584,2
879,62479864,2
880,69449209,2
881,58824578,2
882,63098882,2
883,59556562,2
884,68170953,2
885,17126318,2
886,74604008,2
887,54821859,2
888,16520164,2
889,31827643,2
890,49343485,2
891,31231903,2
892,19449833,2
893,56485848,2
894,66877148,2
895,57609397,2
896,72434455,2
897,240353,2
898,42381259,2
899,75218440,2
900,33822423,2
901,55122416,2
902,75202807,2
903,57120457,2
904,41797779,2
905,19184718,2
906,49260903,2
907,4634646,2
908,60545249,2
909,10170679,2
910,26434155,2
911,74985402,2
912,16388355,2
913,46689633,2
914,36478618,2
915,67581899,2
916,69044803,2
917,33926292,2
918,28699930,2
919,20364012,2
920,1378024,2
921,30906544,2
922,65301548,2
923,36519370,2
924,16776639,2
925,54958997,2
926,66205454,2
927,15238915,2
928,45554016,2
929,42729231,2
930,74626482,2
931,61645791,2
932,57391455,2
933,53636845,2
934,70702881,2
935,63426724,2
936,63497449,2
937,1292872,2
938,67491621,2
939,8926818,2
940,28843170,2
941,59586902,2
942,56248036,2
943,66348809,2
944,12152874,2
945,64728511,2
946,40900141,2
947,59765013,2
948,1012816,2
949,6648161,2
950,51355771,2
951,62037804,2
952,65945056,2
953,643009,2
954,11850223,2
955,47877582,2
956,71695506,2
957,8390836,2
958,69553017,2
959,62174937,2
960,57405110,2
961,75798956,2
962,58823962,2
963,49462118,2
964,17789745,2
965,64635526,2
966,14951172,2
967,18159056,2
968,13838808,2
969,67130979,2
970,31621101,2
971,50490071,2
972,5455350,2
973,47931530,2
974,4333147,2
975,1584994,2
976,19926270,2
977,71289378,2
978,65903719,2
979,69693795,2
980,9036317,2
981,74697800,2
982,41857935,2
983,59022823,2
984,65937676,2
985,75882033,2
986,56464935,2
987,10827746,2
988,2396099,2
989,58404489,2
990,70182612,2
991,75908091,2
992,23255351,2
993,58825769,2
994,60737136,2
995,72599185,2
996,17091468,2
997,65926072,2
998,936278,2
999,52197738,2
1000,58136387,2
1001,47952024,2
1002,64631470,2
1003,45730334,2
1004,28691659,2
1005,67768315,2
1006,41572890,2
1007,66029402,2
1008,69417003,2
1009,74986600,2
1010,21499712,2
1011,60072706,2
1012,14665509,2
1013,2250985,2
1014,61166083,2
1015,73252130,2
1016,14213831,2
1017,788867,2
1018,76014182,2
1019,65906412,2
1020,68833127,2
1021,69812991,2
1022,30108860,2
1023,60045448,2
1024,17305533,2
1025,10500790,2
1026,1032292,2
1027,60004618,2
1028,20639797,2
1029,63863021,2
1030,52180267,2
1031,62197640,2
1032,36927706,2
1033,54833524,2
1034,74477484,2
1035,65252989,2
1036,63605321,2
1037,5059640,2
1038,21333394,2
1039,30131571,2
1040,68364151,2
1041,69005575,2
1042,21583573,2
1043,66479924,2
1044,75984805,2
1045,71827811,2
1046,67123242,2
1047,23000999,2
1048,58988353,2
1049,10098661,2
1050,43928628,2
1051,49388343,2
1052,35954590,2
1053,61196290,2
1054,61073444,2
1055,31672453,2
1056,72387087,2
1057,63423633,2
1058,34723643,2
1059,48054544,2
1060,72144458,2
1061,59442353,2
1062,68206342,2
1063,46148869,2
1064,13155618,2
1065,60524134,2
1066,54027420,2
1067,1826961,2
1068,25036455,2
1069,73623801,2
1070,26800295,2
1071,40231279,2
1072,56255909,2
1073,3311354,2
1074,76317311,2
1075,74805447,2
1076,58089209,2
1077,38376769,2
1078,56365413,2
1079,67944238,2
1080,57193964,2
1081,48448185,2
1082,49164431,2
1083,60234566,2
1084,56603831,2
1085,65319072,2
1086,46927456,2
1087,62222075,2
1088,75766255,2
1089,60415807,2
1090,66813752,2
1091,43644377,2
1092,66341201,2
1093,18929489,2
1094,70272255,2
1095,58221097,2
1096,23050207,2
1097,15290947,2
1098,21385475,2
1099,54696114,2
1100,56707819,2
1101,68387702,2
1102,73241821,2
1103,55426058,2
1104,67827983,2
1105,20389542,2
1106,64891773,2
1107,1828620,2
1108,43704417,2
1109,57569745,2
1110,65496914,2
1111,8258752,2
1112,46839698,2
1113,68417412,2
1114,45341715,2
1115,64571643,2
1116,39816365,2
1117,53774515,2
1118,71999084,2
1119,66948883,2
1120,65955315,2
1121,2150738,2
1122,70165729,2
1123,58063917,2
1124,65376596,2
1125,32795508,2
1126,57258082,2
1127,74387736,2
1128,57715665,2
1129,61559578,2
1130,53094160,2
1131,56816364,2
1132,106834,2
1133,54566988,2
1134,72642711,2
1135,46953647,2
1136,18227555,2
1137,47091853,2
1138,53690505,2
1139,42189653,2
1140,75123823,2
1141,64671572,2
1142,64703213,2
1143,40761324,2
1144,50819008,2
1145,29183866,2
1146,70252090,2
1147,65314444,2
1148,76292639,2
1149,61800126,2
1150,55082907,2
1151,2080842,2
1152,49906049,2
1153,43661348,2
1154,2373247,2
1155,26422873,2
1156,52914438,2
1157,30658249,2
1158,1811585,2
1159,10421071,2
1160,1114431,2
1161,58806381,2
1162,74110806,2
1163,43645449,2
1164,72743462,2
1165,3835186,2
1166,64649869,2
1167,65977183,2
1168,6179698,2
1169,17039826,2
1170,76410970,2
1171,77057899,2
1172,59204299,2
1173,65350196,2
1174,59842706,2
1175,59106723,2
1176,21920944,2
1177,40291737,2
1178,75761553,2
1179,1034578,2
1180,10801179,2
1181,65511598,2
1182,62464348,2
1183,72712087,2
1184,59530559,2
1185,51672467,2
1186,61224863,2
1187,35827470,2
1188,59357171,2
1189,58327237,2
1190,63480519,2
1191,69095761,2
1192,77273248,2
1193,2106207,2
1194,47947939,2
1195,77358310,2
1196,40329841,2
1197,39574229,2
1198,60728094,2
1199,60626433,2
1200,25141914,2
1201,63394360,2
1202,67907092,2
1203,32297946,2
1204,56990647,2
1205,59220351,2
1206,58602684,2
1207,5879588,2
1208,75057337,2
1209,55919750,2
1210,19588372,2
1211,23375444,2
1212,16242670,2
1213,64027912,2
1214,76965490,2
1215,68951793,2
1216,67247796,2
1217,51727754,2
1218,71772033,2
1219,74510097,2
1220,64792417,2
1221,47483898,2
1222,56771329,2
1223,62465372,2
1224,72555561,2
1225,76162415,2
1226,2265041,2
1227,62322349,2
1228,41859834,2
1229,68223779,2
1230,65132443,2
1231,75111275,2
1232,332134,2
1233,64656333,2
1234,57175092,2
1235,48170869,2
1236,4641950,2
1237,46988223,2
1238,31740333,2
1239,34086902,2
1240,68005228,2
1241,53196748,2
1242,76871705,2
1243,61603033,2
1244,64733688,2
1245,50441578,2
1246,42434111,2
1247,63869959,2
1248,73812738,2
1249,71482858,2
1250,67533835,2
1251,74443729,2
1252,44007631,2
1253,70643182,2
1254,62278174,2
1255,37175172,1
1256,64705475,1
1257,73906260,1
1258,73901912,1
1259,55472173,1
1260,29964712,1
1261,53396056,1
1262,55167512,1
1263,11822651,1
1264,72856041,1
1265,51243095,1
1266,58957470,1
1267,15901331,1
1268,203305,1
1269,28347586,1
1270,57642757,1
1271,72555937,1
1272,11766019,1
1273,60723341,1
1274,30290106,1
1275,71817842,1
1276,30395127,1
1277,67252389,1
1278,73676927,1
1279,23691631,1
1280,73915150,1
1281,37111127,1
1282,5806989,1
1283,73894133,1
1284,8878887,1
1285,15478298,1
1286,66184181,1
1287,61820530,1
1288,73078974,1
1289,16213156,1
1290,64682385,1
1291,56577547,1
1292,58783685,1
1293,73923978,1
1294,73924289,1
1295,47259985,1
1296,73743711,1
1297,64248940,1
1298,59168566,1
1299,64429859,1
1300,13911579,1
1301,41055039,1
1302,60373721,1
1303,68813491,1
1304,5813,1
1305,64515495,1
1306,60812177,1
1307,62635455,1
1308,31650290,1
1309,69676561,1
1310,26469462,1
1311,66431336,1
1312,73900397,1
1313,33026828,1
1314,51520959,1
1315,72637486,1
1316,52724596,1
1317,6389753,1
1318,60818045,1
1319,31176170,1
1320,72591244,1
1321,73950232,1
1322,72193724,1
1323,1570140,1
1324,73604774,1
1325,14904679,1
1326,29010637,1
1327,66374052,1
1328,44678467,1
1329,26125256,1
1330,64798845,1
1331,67605429,1
1332,15132116,1
1333,23784860,1
1334,72221811,1
1335,14085005,1
1336,55256019,1
1337,72339062,1
1338,10282479,1
1339,42772354,1
1340,73126029,1
1341,67452969,1
1342,57339625,1
1343,53654498,1
1344,70714782,1
1345,69667840,1
1346,30315351,1
1347,46787621,1
1348,50180668,1
1349,59685043,1
1350,65296377,1
1351,72264059,1
1352,73968104,1
1353,49360389,1
1354,47215913,1
1355,72366552,1
1356,59739715,1
1357,16447208,1
1358,73948462,1
1359,56446905,1
1360,59244848,1
1361,63159982,1
1362,66550006,1
1363,2865398,1
1364,13214055,1
1365,62528274,1
1366,2354342,1
1367,67651720,1
1368,47544778,1
1369,53021713,1
1370,65987063,1
1371,63202150,1
1372,13618072,1
1373,8559639,1
1374,25688410,1
1375,58105509,1
1376,65468241,1
1377,31055272,1
1378,62010506,1
1379,70651527,1
1380,70041926,1
1381,32858436,1
1382,60946685,1
1383,60137367,1
1384,73741252,1
1385,21994563,1
1386,65665733,1
1387,25295713,1
1388,66918211,1
1389,39106235,1
1390,57324955,1
1391,72412520,1
1392,65241670,1
1393,2405579,1
1394,51374143,1
1395,48050462,1
1396,61122391,1
1397,1401384,1
1398,29959901,1
1399,5382821,1
1400,51364327,1
1401,74028404,1
1402,74024880,1
1403,47186314,1
1404,22083520,1
1405,69739789,1
1406,28522877,1
1407,14706867,1
1408,65407630,1
1409,46471871,1
1410,72796157,1
1411,48473888,1
1412,8762693,1
1413,59665802,1
1414,16576365,1
1415,68636749,1
1416,70322995,1
1417,29606876,1
1418,28363394,1
1419,46935094,1
1420,30724444,1
1421,7905744,1
1422,18593843,1
1423,67798991,1
1424,68848444,1
1425,48568586,1
1426,14928560,1
1427,44049353,1
1428,55345469,1
1429,74043326,1
1430,62428556,1
1431,19873330,1
1432,58231409,1
1433,247733,1
1434,54490405,1
1435,63515415,1
1436,27871061,1
1437,10640938,1
1438,14546426,1
1439,17158567,1
1440,7380110,1
1441,74043857,1
1442,69571745,1
1443,72394756,1
1444,67190541,1
1445,2795076,1
1446,71147044,1
1447,42391266,1
1448,55294416,1
1449,67853999,1
1450,30297861,1
1451,44784364,1
1452,71917431,1
1453,6114845,1
1454,73417801,1
1455,47403229,1
1456,72631447,1
1457,48534095,1
1458,60601230,1
1459,18156636,1
1460,71474903,1
1461,60231118,1
1462,5842148,1
1463,61299607,1
1464,22937368,1
1465,62271411,1
1466,65583993,1
1467,547542,1
1468,46765385,1
1469,67374971,1
1470,32399637,1
1471,55397077,1
1472,72495362,1
1473,62473847,1
1474,74081055,1
1475,70247572,1
1476,33997311,1
1477,2743489,1
1478,28675990,1
1479,58698127,1
1480,67492772,1
1481,57644659,1
1482,38775232,1
1483,62116369,1
1484,70158624,1
1485,10007061,1
1486,53014452,1
1487,73621429,1
1488,69906660,1
1489,58882046,1
1490,35481746,1
1491,37485389,1
1492,19008909,1
1493,55323224,1
1494,39045073,1
1495,15763421,1
1496,7197814,1
1497,508754,1
1498,35372370,1
1499,26149859,1
1500,68825450,1
1501,69221340,1
1502,69385018,1
1503,33565216,1
1504,54063860,1
1505,27228697,1
1506,31036907,1
1507,27930375,1
1508,54219617,1
1509,47572497,1
1510,61051574,1
1511,56013087,1
1512,63537024,1
1513,72559596,1
1514,38098830,1
1515,70654643,1
1516,69048416,1
1517,71181385,1
1518,10891595,1
1519,38087864,1
1520,53733049,1
1521,57248463,1
1522,52730075,1
1523,33858188,1
1524,19080778,1
1525,66955389,1
1526,10741712,1
1527,63653167,1
1528,50846299,1
1529,17785560,1
1530,56848278,1
1531,10906202,1
1532,8293046,1
1533,57256735,1
1534,67077814,1
1535,32866851,1
1536,26648903,1
1537,9333690,1
1538,54647340,1
1539,32961778,1
1540,74130685,1
1541,46813197,1
1542,45142674,1
1543,36253310,1
1544,25222701,1
1545,69592681,1
1546,64780843,1
1547,9713273,1
1548,65681210,1
1549,19263249,1
1550,59869643,1
1551,62382266,1
1552,59912191,1
1553,63546038,1
1554,21887935,1
1555,7989816,1
1556,1543383,1
1557,65130558,1
1558,57834468,1
1559,57336758,1
1560,42569,1
1561,68862237,1
1562,68944756,1
1563,16960595,1
1564,63425074,1
1565,105126,1
1566,17909908,1
1567,37036977,1
1568,18896991,1
1569,32422974,1
1570,67280695,1
1571,72880375,1
1572,4529,1
1573,16150355,1
1574,20122764,1
1575,60277378,1
1576,39146394,1
1577,58308125,1
1578,74225527,1
1579,21718272,1
1580,66342136,1
1581,67082210,1
1582,34989258,1
1583,18265301,1
1584,60666371,1
1585,67041492,1
1586,33237152,1
1587,72213071,1
1588,11483990,1
1589,74084389,1
1590,61855209,1
1591,47127241,1
1592,47966160,1
1593,66736223,1
1594,25331114,1
1595,68057259,1
1596,3660411,1
1597,72528908,1
1598,46711133,1
1599,57368695,1
1600,60481545,1
1601,60588850,1
1602,32697743,1
1603,1786959,1
1604,71504982,1
1605,69814017,1
1606,60741869,1
1607,57653628,1
1608,68221104,1
1609,72876755,1
1610,71808237,1
1611,73837615,1
1612,68012861,1
1613,68533225,1
1614,2183367,1
1615,14426377,1
1616,72905038,1
1617,26945610,1
1618,67367179,1
1619,13997561,1
1620,47562567,1
1621,65279350,1
1622,58965475,1
1623,66125176,1
1624,10357732,1
1625,74273470,1
1626,73631937,1
1627,57853872,1
1628,74272953,1
1629,74236969,1
1630,64756945,1
1631,26713116,1
1632,22806540,1
1633,15362574,1
1634,40194854,1
1635,66486884,1
1636,17844251,1
1637,46840866,1
1638,64820981,1
1639,47063794,1
1640,59857555,1
1641,18670725,1
1642,61280961,1
1643,69722447,1
1644,62768445,1
1645,70016879,1
1646,54191200,1
1647,56873841,1
1648,67619215,1
1649,48110597,1
1650,30698048,1
1651,39142096,1
1652,34274306,1
1653,73681348,1
1654,20019851,1
1655,67111301,1
1656,74299942,1
1657,34368359,1
1658,73112041,1
1659,70596321,1
1660,74309340,1
1661,35184287,1
1662,61891939,1
1663,38673370,1
1664,7507342,1
1665,6648058,1
1666,37342207,1
1667,4521,1
1668,15528749,1
1669,3172612,1
1670,48360907,1
1671,35229888,1
1672,68451560,1
1673,64118388,1
1674,54768372,1
1675,66502708,1
1676,73191754,1
1677,17786427,1
1678,25113802,1
1679,28216176,1
1680,65969700,1
1681,57856608,1
1682,6370453,1
1683,60973372,1
1684,41261828,1
1685,16538221,1
1686,73102441,1
1687,72523642,1
1688,9450975,1
1689,34842747,1
1690,63293926,1
1691,51131132,1
1692,56137599,1
1693,72159132,1
1694,71379321,1
1695,62638396,1
1696,73300221,1
1697,39488530,1
1698,66040478,1
1699,66947705,1
1700,67273005,1
1701,66163923,1
1702,58848326,1
1703,49120908,1
1704,49506240,1
1705,62059909,1
1706,66583523,1
1707,50281829,1
1708,53537165,1
1709,48988684,1
1710,63815968,1
1711,71698842,1
1712,69319706,1
1713,74367201,1
1714,51185127,1
1715,15801276,1
1716,67546632,1
1717,15030431,1
1718,68506259,1
1719,72068348,1
1720,19290883,1
1721,64454128,1
1722,50989617,1
1723,47295927,1
1724,70149447,1
1725,3124084,1
1726,74338559,1
1727,8567583,1
1728,27904731,1
1729,52427560,1
1730,53016738,1
1731,74388708,1
1732,68961979,1
1733,72915075,1
1734,48604786,1
1735,31629175,1
1736,54947086,1
1737,44818195,1
1738,68607076,1
1739,68223364,1
1740,22037283,1
1741,59242658,1
1742,17629662,1
1743,60132565,1
1744,66162794,1
1745,13532172,1
1746,29965291,1
1747,60672694,1
1748,69166970,1
1749,60685802,1
1750,31979914,1
1751,69678927,1
1752,73705856,1
1753,50717236,1
1754,13251573,1
1755,73059861,1
1756,59977247,1
1757,61802038,1
1758,39702585,1
1759,33947,1
1760,15223429,1
1761,74414376,1
1762,74414278,1
1763,59713367,1
1764,42675418,1
1765,66226092,1
1766,73939432,1
1767,12380356,1
1768,59656291,1
1769,52592311,1
1770,53822165,1
1771,69447762,1
1772,44919215,1
1773,66387365,1
1774,74157720,1
1775,74422956,1
1776,73180925,1
1777,59278376,1
1778,73257151,1
1779,67957588,1
1780,49789568,1
1781,46577552,1
1782,2391266,1
1783,34948623,1
1784,74433432,1
1785,49126225,1
1786,45767360,1
1787,57701352,1
1788,764513,1
1789,69532893,1
1790,66990569,1
1791,51150394,1
1792,74446131,1
1793,1081096,1
1794,59397827,1
1795,72389189,1
1796,9333216,1
1797,70774251,1
1798,60344904,1
1799,21146556,1
1800,58016676,1
1801,64821541,1
1802,74466595,1
1803,51310226,1
1804,74466609,1
1805,64672620,1
1806,11594615,1
1807,71239817,1
1808,57101688,1
1809,21240153,1
1810,63523699,1
1811,1873863,1
1812,74478467,1
1813,55947331,1
1814,74477053,1
1815,200226,1
1816,63953159,1
1817,13136323,1
1818,66301481,1
1819,55214517,1
1820,56323055,1
1821,13220545,1
1822,68841988,1
1823,60947376,1
1824,21083463,1
1825,73767247,1
1826,72731360,1
1827,62630759,1
1828,62077504,1
1829,70175995,1
1830,71420392,1
1831,56661256,1
1832,59865817,1
1833,74507780,1
1834,18309191,1
1835,68594844,1
1836,64231191,1
1837,69824207,1
1838,54855801,1
1839,26558523,1
1840,69862167,1
1841,69308274,1
1842,33610723,1
1843,20367268,1
1844,67802688,1
1845,74234879,1
1846,60900478,1
1847,50833285,1
1848,69318280,1
1849,72035547,1
1850,69989918,1
1851,53708232,1
1852,30649953,1
1853,61239975,1
1854,72414603,1
1855,60699365,1
1856,59157758,1
1857,54871903,1
1858,288194,1
1859,20415991,1
1860,73453829,1
1861,11786246,1
1862,48620481,1
1863,7658306,1
1864,72481763,1
1865,10531087,1
1866,74529948,1
1867,63033907,1
1868,62131595,1
1869,42185268,1
1870,7896423,1
1871,74530011,1
1872,71875020,1
1873,60536307,1
1874,61624104,1
1875,18300020,1
1876,74539947,1
1877,67162746,1
1878,68743936,1
1879,50263083,1
1880,16005621,1
1881,56534744,1
1882,25796928,1
1883,60693804,1
1884,26542009,1
1885,66923406,1
1886,74099068,1
1887,66106267,1
1888,35867484,1
1889,60104105,1
1890,31144707,1
1891,59857010,1
1892,409557,1
1893,65318669,1
1894,62335990,1
1895,52539234,1
1896,56932054,1
1897,2681151,1
1898,22360434,1
1899,67489859,1
1900,58876174,1
1901,13816094,1
1902,6694190,1
1903,65296243,1
1904,63563428,1
1905,56219247,1
1906,65421780,1
1907,69908612,1
1908,74561193,1
1909,26254055,1
1910,71831349,1
1911,74571746,1
1912,42417460,1
1913,68128004,1
1914,72992354,1
1915,69419723,1
1916,66174815,1
1917,51852667,1
1918,57050156,1
1919,62791533,1
1920,21650452,1
1921,26735245,1
1922,7175933,1
1923,72172875,1
1924,54868925,1
1925,40195285,1
1926,21480664,1
1927,69291576,1
1928,1337752,1
1929,65297036,1
1930,6934807,1
1931,74584429,1
1932,53971594,1
1933,74584837,1
1934,73148533,1
1935,13121876,1
1936,64335308,1
1937,12335584,1
1938,22771514,1
1939,69153182,1
1940,27294261,1
1941,3969850,1
1942,73616662,1
1943,57949932,1
1944,47650336,1
1945,74601470,1
1946,55175823,1
1947,37105403,1
1948,44811612,1
1949,48798745,1
1950,63763979,1
1951,62771254,1
1952,61510848,1
1953,62571336,1
1954,68136522,1
1955,1675304,1
1956,21398696,1
1957,72669405,1
1958,66848589,1
1959,60600640,1
1960,58116512,1
1961,70502794,1
1962,69233744,1
1963,21173463,1
1964,57788458,1
1965,61317479,1
1966,73983259,1
1967,65643582,1
1968,17224565,1
1969,57518000,1
1970,74604372,1
1971,33414218,1
1972,69013560,1
1973,68208915,1
1974,61274383,1
1975,64933376,1
1976,58030595,1
1977,4215958,1
1978,71646394,1
1979,74625996,1
1980,67948454,1
1981,21720695,1
1982,59803352,1
1983,69616667,1
1984,61852274,1
1985,66018011,1
1986,42831541,1
1987,63610609,1
1988,73553912,1
1989,25582541,1
1990,53944750,1
1991,47150174,1
1992,8419929,1
1993,73782909,1
1994,17430015,1
1995,12881169,1
1996,148817,1
1997,10962769,1
1998,46923599,1
1999,62442478,1
2000,61129966,1
2001,45944165,1
2002,16864126,1
2003,69415522,1
2004,68105791,1
2005,35544359,1
2006,60642636,1
2007,67033036,1
2008,48228466,1
2009,40993629,1
2010,39513898,1
2011,68814049,1
2012,47489990,1
2013,56051542,1
2014,74645783,1
2015,22502625,1
2016,39606885,1
2017,67882760,1
2018,59307473,1
2019,11800525,1
2020,4643497,1
2021,50057403,1
2022,23861980,1
2023,60532257,1
2024,18610775,1
2025,1542882,1
2026,484542,1
2027,14616464,1
2028,53386264,1
2029,12455066,1
2030,18813236,1
2031,67691863,1
2032,16462860,1
2033,69512119,1
2034,25240054,1
2035,40184095,1
2036,58015783,1
2037,56288926,1
2038,60617186,1
2039,55157730,1
2040,55730595,1
2041,41298728,1
2042,74406307,1
2043,66732933,1
2044,46677455,1
2045,67690668,1
2046,10586159,1
2047,59435442,1
2048,34810170,1
2049,72568518,1
2050,69574421,1
2051,54543900,1
2052,11315102,1
2053,65481849,1
2054,63888444,1
2055,63106589,1
2056,64775652,1
2057,73295558,1
2058,21695098,1
2059,15653031,1
2060,73207496,1
2061,40931841,1
2062,63754059,1
2063,69971664,1
2064,67277961,1
2065,52670281,1
2066,35067340,1
2067,26798888,1
2068,56554971,1
2069,72729370,1
2070,59208222,1
2071,40765142,1
2072,65799942,1
2073,41626151,1
2074,59399380,1
2075,68181342,1
2076,6262202,1
2077,10758826,1
2078,50425741,1
2079,69615943,1
2080,67589705,1
2081,60463903,1
2082,18626273,1
2083,74695197,1
2084,73902727,1
2085,56011265,1
2086,69375545,1
2087,74714112,1
2088,32410781,1
2089,49965516,1
2090,70050419,1
2091,58367097,1
2092,51084774,1
2093,55238220,1
2094,46086038,1
2095,74175817,1
2096,58311479,1
2097,64558030,1
2098,34696760,1
2099,74723093,1
2100,67474785,1
2101,36916258,1
2102,39269737,1
2103,73808259,1
2104,68946700,1
2105,5377162,1
2106,67806086,1
2107,46890990,1
2108,23329577,1
2109,47016235,1
2110,71654709,1
2111,61237644,1
2112,72777017,1
2113,55692636,1
2114,35212978,1
2115,65435309,1
2116,66165484,1
2117,64702004,1
2118,66311476,1
2119,52031243,1
2120,48639635,1
2121,32669211,1
2122,27262757,1
2123,2883064,1
2124,49745757,1
2125,73882041,1
2126,36881565,1
2127,30532542,1
2128,45219743,1
2129,14668779,1
2130,64308399,1
2131,65950850,1
2132,69773742,1
2133,66956659,1
2134,63580442,1
2135,18412853,1
2136,59338407,1
2137,3984940,1
2138,69668218,1
2139,46849247,1
2140,37107822,1
2141,63059608,1
2142,67197839,1
2143,13657593,1
2144,26638778,1
2145,58431070,1
2146,67587669,1
2147,57168560,1
2148,57878347,1
2149,15101278,1
2150,2207629,1
2151,56952313,1
2152,71803302,1
2153,65529412,1
2154,42395850,1
2155,21053661,1
2156,8376791,1
2157,16715920,1
2158,23580303,1
2159,43157959,1
2160,3668075,1
2161,8823429,1
2162,65568852,1
2163,63464475,1
2164,28392639,1
2165,61277238,1
2166,14103812,1
2167,29152835,1
2168,69633386,1
2169,14195,1
2170,74761355,1
2171,70218161,1
2172,73833622,1
2173,60667847,1
2174,56857327,1
2175,69449816,1
2176,69489591,1
2177,54163811,1
2178,69547705,1
2179,46943110,1
2180,52506023,1
2181,34004821,1
2182,10529237,1
2183,55135713,1
2184,9546450,1
2185,56059393,1
2186,73879405,1
2187,70718934,1
2188,7654529,1
2189,3125003,1
2190,15751458,1
2191,48711432,1
2192,49319889,1
2193,50165703,1
2194,2941247,1
2195,64502587,1
2196,4143793,1
2197,74784114,1
2198,73195299,1
2199,47400633,1
2200,7449791,1
2201,28959210,1
2202,3833484,1
2203,52965632,1
2204,61711250,1
2205,73747759,1
2206,65907143,1
2207,17274283,1
2208,137445,1
2209,71726710,1
2210,17698608,1
2211,53406551,1
2212,71946222,1
2213,21309026,1
2214,56809577,1
2215,51102093,1
2216,5494303,1
2217,51590816,1
2218,21208144,1
2219,66983264,1
2220,31687987,1
2221,65692561,1
2222,74801012,1
2223,71143868,1
2224,42659470,1
2225,26428142,1
2226,54790476,1
2227,60245469,1
2228,71710839,1
2229,32447433,1
2230,58104176,1
2231,74807987,1
2232,74213970,1
2233,67316865,1
2234,69123976,1
2235,73868115,1
2236,73669642,1
2237,4810081,1
2238,69952516,1
2239,31843986,1
2240,65342902,1
2241,17973800,1
2242,72563663,1
2243,56577950,1
2244,54486804,1
2245,13343277,1
2246,41537163,1
2247,61521841,1
2248,74814293,1
2249,7625263,1
2250,26434,1
2251,66389336,1
2252,35875606,1
2253,54558956,1
2254,60706933,1
2255,60995718,1
2256,67153200,1
2257,69693019,1
2258,57683163,1
2259,52044447,1
2260,30014304,1
2261,46916417,1
2262,924439,1
2263,32004085,1
2264,69447657,1
2265,1889168,1
2266,13763814,1
2267,69642208,1
2268,4408604,1
2269,40671412,1
2270,69401844,1
2271,31941469,1
2272,65675836,1
2273,484157,1
2274,12878760,1
2275,74815297,1
2276,41524452,1
2277,66208065,1
2278,66532670,1
2279,23996315,1
2280,56622537,1
2281,16627967,1
2282,64763668,1
2283,11863299,1
2284,65443890,1
2285,46023117,1
2286,6533444,1
2287,1008759,1
2288,72851790,1
2289,49163135,1
2290,70102503,1
2291,67038353,1
2292,13602,1
2293,51083000,1
2294,25320463,1
2295,72471345,1
2296,34963770,1
2297,69739042,1
2298,68686218,1
2299,55544343,1
2300,169654,1
2301,6867902,1
2302,1761457,1
2303,51268395,1
2304,72065695,1
2305,58063669,1
2306,21967225,1
2307,40205889,1
2308,61686088,1
2309,71692968,1
2310,68036648,1
2311,74261598,1
2312,29669442,1
2313,61659589,1
2314,50495743,1
2315,63417525,1
2316,61776976,1
2317,56825716,1
2318,71826285,1
2319,150712,1
2320,69665001,1
2321,56039606,1
2322,72495431,1
2323,15803918,1
2324,63602190,1
2325,62338059,1
2326,793944,1
2327,62171888,1
2328,71805964,1
2329,1400930,1
2330,30744670,1
2331,74911806,1
2332,14345784,1
2333,3929853,1
2334,40458601,1
2335,44671824,1
2336,74496249,1
2337,63887614,1
2338,42538743,1
2339,54512636,1
2340,67690854,1
2341,26969383,1
2342,72853084,1
2343,22933450,1
2344,19577269,1
2345,22396034,1
2346,61567528,1
2347,38720695,1
2348,67326083,1
2349,34265574,1
2350,55010272,1
2351,40816570,1
2352,69772102,1
2353,57372203,1
2354,64521618,1
2355,48017064,1
2356,64475986,1
2357,53725592,1
2358,61811606,1
2359,37906858,1
2360,71460760,1
2361,63281742,1
2362,52181995,1
2363,51104041,1
2364,30918791,1
2365,74342624,1
2366,69236786,1
2367,68767893,1
2368,57306959,1
2369,72902283,1
2370,43768554,1
2371,20729437,1
2372,68668158,1
2373,63594194,1
2374,59716090,1
2375,51840115,1
2376,15708107,1
2377,22665442,1
2378,50750420,1
2379,39260203,1
2380,74821591,1
2381,59261580,1
2382,62309827,1
2383,73222449,1
2384,71537368,1
2385,73747715,1
2386,74897224,1
2387,69748875,1
2388,42021065,1
2389,21948725,1
2390,67145059,1
2391,66599702,1
2392,57014129,1
2393,752499,1
2394,57241638,1
2395,25562101,1
2396,58308303,1
2397,67706987,1
2398,54721975,1
2399,73136624,1
2400,73711467,1
2401,43386555,1
2402,45328700,1
2403,57790870,1
2404,46894145,1
2405,61822221,1
2406,56732573,1
2407,38794108,1
2408,56326735,1
2409,9712408,1
2410,44190203,1
2411,71826832,1
2412,64943097,1
2413,36526598,1
2414,58469944,1
2415,74987771,1
2416,17032960,1
2417,11315059,1
2418,66146826,1
2419,6368171,1
2420,67422548,1
2421,73868908,1
2422,74994271,1
2423,74994310,1
2424,10067875,1
2425,58213233,1
2426,58539841,1
2427,62489268,1
2428,72803033,1
2429,54858347,1
2430,22063868,1
2431,42297850,1
2432,74994163,1
2433,72730679,1
2434,72125059,1
2435,21646932,1
2436,20423655,1
2437,74735605,1
2438,55020837,1
2439,43302281,1
2440,74028582,1
2441,55223987,1
2442,53402379,1
2443,41187374,1
2444,75002421,1
2445,56193384,1
2446,61483423,1
2447,63512699,1
2448,75002458,1
2449,26441721,1
2450,62801250,1
2451,17555773,1
2452,39184622,1
2453,65445764,1
2454,54824692,1
2455,52892795,1
2456,37076425,1
2457,71007060,1
2458,1403397,1
2459,22015824,1
2460,12685422,1
2461,12760088,1
2462,29498641,1
2463,61700239,1
2464,56934562,1
2465,10684926,1
2466,5382858,1
2467,31231819,1
2468,56781528,1
2469,62443900,1
2470,38904373,1
2471,4436673,1
2472,15870922,1
2473,75011784,1
2474,73290251,1
2475,35346,1
2476,56114092,1
2477,19076210,1
2478,12425559,1
2479,2036313,1
2480,59441237,1
2481,67273337,1
2482,16538033,1
2483,21947777,1
2484,57296731,1
2485,62136381,1
2486,1022763,1
2487,69597166,1
2488,42933977,1
2489,67285704,1
2490,75026490,1
2491,46402288,1
2492,71591927,1
2493,55863179,1
2494,75026573,1
2495,4188273,1
2496,62272639,1
2497,45950211,1
2498,69345951,1
2499,68802622,1
2500,22144882,1
2501,28486339,1
2502,60574091,1
2503,57747426,1
2504,17072050,1
2505,576146,1
2506,72505522,1
2507,72811767,1
2508,67764867,1
2509,74243471,1
2510,67698645,1
2511,73444046,1
2512,66810086,1
2513,60257471,1
2514,64330752,1
2515,32896840,1
2516,59495050,1
2517,71278594,1
2518,8725263,1
2519,69739993,1
2520,56192,1
2521,5172517,1
2522,22852571,1
2523,9428763,1
2524,36000219,1
2525,68710428,1
2526,68557282,1
2527,67311754,1
2528,26135627,1
2529,67028879,1
2530,32012938,1
2531,17523848,1
2532,27162868,1
2533,67833400,1
2534,75068996,1
2535,2020704,1
2536,75088291,1
2537,48132620,1
2538,17202893,1
2539,763584,1
2540,55063114,1
2541,772923,1
2542,706113,1
2543,74246349,1
2544,100295,1
2545,74953587,1
2546,54045558,1
2547,33647677,1
2548,72377021,1
2549,74158595,1
2550,60535332,1
2551,20917801,1
2552,2301526,1
2553,74222594,1
2554,7188931,1
2555,69652102,1
2556,55366429,1
2557,16705459,1
2558,703589,1
2559,75111913,1
2560,63731007,1
2561,72647688,1
2562,74937532,1
2563,7393503,1
2564,22284543,1
2565,33885048,1
2566,61171538,1
2567,62654932,1
2568,66605216,1
2569,1577030,1
2570,75118942,1
2571,66110224,1
2572,72750997,1
2573,58866253,1
2574,65872225,1
2575,65875405,1
2576,66528162,1
2577,60496781,1
2578,29478830,1
2579,63916444,1
2580,74122605,1
2581,73741891,1
2582,439379,1
2583,75103754,1
2584,13532920,1
2585,67970635,1
2586,54980872,1
2587,30377320,1
2588,42437322,1
2589,62523864,1
2590,72918945,1
2591,120219,1
2592,55779200,1
2593,74620801,1
2594,48184428,1
2595,57292143,1
2596,74081044,1
2597,46987279,1
2598,17480077,1
2599,66411136,1
2600,54457,1
2601,69001627,1
2602,46831785,1
2603,65293645,1
2604,5778979,1
2605,75144974,1
2606,67025026,1
2607,54612460,1
2608,49781883,1
2609,60657090,1
2610,75143701,1
2611,73664,1
2612,41861,1
2613,68504825,1
2614,66738058,1
2615,4484998,1
2616,33084,1
2617,65981899,1
2618,65680091,1
2619,63383402,1
2620,60472244,1
2621,25147986,1
2622,41260666,1
2623,22437897,1
2624,68725328,1
2625,74523965,1
2626,12774711,1
2627,10346830,1
2628,68002538,1
2629,52631142,1
2630,53361475,1
2631,74515190,1
2632,55693326,1
2633,74235158,1
2634,30162120,1
2635,57769711,1
2636,73648146,1
2637,46878928,1
2638,21338958,1
2639,65839245,1
2640,62030768,1
2641,74367308,1
2642,46890428,1
2643,75162972,1
2644,55896153,1
2645,67022947,1
2646,4296052,1
2647,75171559,1
2648,564370,1
2649,1480252,1
2650,2355,1
2651,67438872,1
2652,68260433,1
2653,28012504,1
2654,58391621,1
2655,51405076,1
2656,14613502,1
2657,74499915,1
2658,75183990,1
2659,66780517,1
2660,11311665,1
2661,55952738,1
2662,56882030,1
2663,53658262,1
2664,75194544,1
2665,26846505,1
2666,32702880,1
2667,75194703,1
2668,15779530,1
2669,57798020,1
2670,64952769,1
2671,26440549,1
2672,22827636,1
2673,71206326,1
2674,70663721,1
2675,65275751,1
2676,1575396,1
2677,64705582,1
2678,37268231,1
2679,59965317,1
2680,68555885,1
2681,56588248,1
2682,33064148,1
2683,11034330,1
2684,69507464,1
2685,57758046,1
2686,72237058,1
2687,65883026,1
2688,62646401,1
2689,65516977,1
2690,73343993,1
2691,45917968,1
2692,61859749,1
2693,46817407,1
2694,4084474,1
2695,69648413,1
2696,15443002,1
2697,60428100,1
2698,53049190,1
2699,4449793,1
2700,48093391,1
2701,74677615,1
2702,74319057,1
2703,62924573,1
2704,66388109,1
2705,14812273,1
2706,63220883,1
2707,67088424,1
2708,57624354,1
2709,2647308,1
2710,63613188,1
2711,22490295,1
2712,64318485,1
2713,53877766,1
2714,65084683,1
2715,73692237,1
2716,66719145,1
2717,65745328,1
2718,70034960,1
2719,47312901,1
2720,63494943,1
2721,5908939,1
2722,70479105,1
2723,10845986,1
2724,2641535,1
2725,40943156,1
2726,72960,1
2727,69024476,1
2728,19479047,1
2729,1667215,1
2730,73387321,1
2731,72279516,1
2732,49131813,1
2733,45592437,1
2734,53938030,1
2735,6011506,1
2736,11668467,1
2737,72177967,1
2738,14308048,1
2739,15931980,1
2740,25009963,1
2741,20871142,1
2742,65545589,1
2743,51202078,1
2744,7710108,1
2745,59026190,1
2746,64721883,1
2747,72167128,1
2748,72715765,1
2749,61603041,1
2750,57243908,1
2751,46331138,1
2752,72938278,1
2753,60914731,1
2754,68103144,1
2755,75297463,1
2756,20994159,1
2757,75297291,1
2758,56939915,1
2759,17159705,1
2760,75297316,1
2761,54433458,1
2762,57992922,1
2763,59720422,1
2764,73634664,1
2765,60519410,1
2766,62566634,1
2767,47621161,1
2768,67164550,1
2769,65333005,1
2770,1405268,1
2771,66541076,1
2772,56198214,1
2773,60671252,1
2774,72528288,1
2775,47529730,1
2776,65139979,1
2777,59421417,1
2778,75305090,1
2779,16809159,1
2780,51972852,1
2781,29732295,1
2782,25293461,1
2783,74296460,1
2784,73619473,1
2785,60528906,1
2786,4777036,1
2787,49839668,1
2788,68662931,1
2789,62938502,1
2790,28106869,1
2791,75317320,1
2792,74989452,1
2793,70212590,1
2794,8976820,1
2795,72816314,1
2796,67339385,1
2797,73848285,1
2798,74853923,1
2799,55860049,1
2800,66266824,1
2801,50072942,1
2802,74713641,1
2803,68076307,1
2804,383219,1
2805,75325054,1
2806,63677340,1
2807,47268464,1
2808,26149541,1
2809,33735210,1
2810,28104062,1
2811,21519090,1
2812,16809063,1
2813,25853092,1
2814,64898298,1
2815,32438508,1
2816,54452364,1
2817,68187030,1
2818,25236075,1
2819,72570079,1
2820,60041151,1
2821,65563842,1
2822,67118519,1
2823,57581443,1
2824,48911378,1
2825,72345117,1
2826,68141594,1
2827,12517556,1
2828,75550971,1
2829,64585082,1
2830,65839714,1
2831,59558253,1
2832,66611012,1
2833,51461123,1
2834,70651964,1
2835,73561422,1
2836,57349062,1
2837,64867739,1
2838,56720918,1
2839,20797166,1
2840,68541400,1
2841,46825754,1
2842,48683947,1
2843,67115499,1
2844,49292706,1
2845,60488734,1
2846,63854864,1
2847,1703477,1
2848,64482233,1
2849,56209111,1
2850,64968811,1
2851,69553439,1
2852,39232850,1
2853,7379628,1
2854,50069277,1
2855,73921332,1
2856,50633747,1
2857,315880,1
2858,33748070,1
2859,75310685,1
2860,15824300,1
2861,41878175,1
2862,60811263,1
2863,48105784,1
2864,14414180,1
2865,75699250,1
2866,5912058,1
2867,67556419,1
2868,15299193,1
2869,68299165,1
2870,13784284,1
2871,74462326,1
2872,73956761,1
2873,73853191,1
2874,67166639,1
2875,2259843,1
2876,45999819,1
2877,64841038,1
2878,59615209,1
2879,19037750,1
2880,65079080,1
2881,20087066,1
2882,63330372,1
2883,69563715,1
2884,63538105,1
2885,73044302,1
2886,16579656,1
2887,67005808,1
2888,52362044,1
2889,10360498,1
2890,75716831,1
2891,73129898,1
2892,3050342,1
2893,56767034,1
2894,74749211,1
2895,65810716,1
2896,61103942,1
2897,16004390,1
2898,61660748,1
2899,15804296,1
2900,15670633,1
2901,23502424,1
2902,65357859,1
2903,72486480,1
2904,63980315,1
2905,58303200,1
2906,68409180,1
2907,29877155,1
2908,52052032,1
2909,62143057,1
2910,18611806,1
2911,71901643,1
2912,75714335,1
2913,74622007,1
2914,62590877,1
2915,60765956,1
2916,75714990,1
2917,74791127,1
2918,66069746,1
2919,20268203,1
2920,50114265,1
2921,33914022,1
2922,66459764,1
2923,44577011,1
2924,32981558,1
2925,15959015,1
2926,16354341,1
2927,69004391,1
2928,58603513,1
2929,65530819,1
2930,64994168,1
2931,56417300,1
2932,73041251,1
2933,59037299,1
2934,67704560,1
2935,49973589,1
2936,52167744,1
2937,9186424,1
2938,67989297,1
2939,75739011,1
2940,66781572,1
2941,75738820,1
2942,65091352,1
2943,37738124,1
2944,63878802,1
2945,27392436,1
2946,64927461,1
2947,10329685,1
2948,43063677,1
2949,69841700,1
2950,60281302,1
2951,5681302,1
2952,46026538,1
2953,63902600,1
2954,19946911,1
2955,50438342,1
2956,62952641,1
2957,66352818,1
2958,66817625,1
2959,29190376,1
2960,63415653,1
2961,56785944,1
2962,53252847,1
2963,62478134,1
2964,1889674,1
2965,56044036,1
2966,66836918,1
2967,54205050,1
2968,75753493,1
2969,56927786,1
2970,72226735,1
2971,66559000,1
2972,73220209,1
2973,53937733,1
2974,70362568,1
2975,75719612,1
2976,3965676,1
2977,6967505,1
2978,40512741,1
2979,57807638,1
2980,47745039,1
2981,53828931,1
2982,3190763,1
2983,20123234,1
2984,60875343,1
2985,17649442,1
2986,54180645,1
2987,33753625,1
2988,65511539,1
2989,75773896,1
2990,31561123,1
2991,36870624,1
2992,67781314,1
2993,14318377,1
2994,75781702,1
2995,66494784,1
2996,897501,1
2997,21700511,1
2998,63549582,1
2999,23782299,1
3000,470428,1
3001,50380772,1
3002,66906743,1
3003,18585719,1
3004,61192995,1
3005,2243181,1
3006,66792820,1
3007,49421553,1
3008,3930741,1
3009,38882717,1
3010,44219438,1
3011,15482843,1
3012,38701785,1
3013,65983722,1
3014,25632635,1
3015,61449669,1
3016,29959474,1
3017,70152318,1
3018,68188912,1
3019,65599311,1
3020,26144674,1
3021,58933770,1
3022,73945836,1
3023,56581283,1
3024,26478363,1
3025,40463400,1
3026,68198589,1
3027,68907509,1
3028,884629,1
3029,290928,1
3030,27473667,1
3031,15927930,1
3032,60558315,1
3033,73002505,1
3034,2279666,1
3035,47621363,1
3036,73569456,1
3037,1587979,1
3038,39736589,1
3039,877871,1
3040,188563,1
3041,60857828,1
3042,60775949,1
3043,40647333,1
3044,42867848,1
3045,60457555,1
3046,61550978,1
3047,1748158,1
3048,41411711,1
3049,69746628,1
3050,58206056,1
3051,2638221,1
3052,54869423,1
3053,65561518,1
3054,2484790,1
3055,58326717,1
3056,23630049,1
3057,61283997,1
3058,60573749,1
3059,68718282,1
3060,17088156,1
3061,64800165,1
3062,56051592,1
3063,68987838,1
3064,67182855,1
3065,65754116,1
3066,2244359,1
3067,69105658,1
3068,59034723,1
3069,59421588,1
3070,14410905,1
3071,67075253,1
3072,71283359,1
3073,26891085,1
3074,8456483,1
3075,15489207,1
3076,69420187,1
3077,62491115,1
3078,65144104,1
3079,71730192,1
3080,15919605,1
3081,74642366,1
3082,59865467,1
3083,72677103,1
3084,64736882,1
3085,54924058,1
3086,75838335,1
3087,34055417,1
3088,71887181,1
3089,69390123,1
3090,23786880,1
3091,69964338,1
3092,73751141,1
3093,26052256,1
3094,33412571,1
3095,60548888,1
3096,2563978,1
3097,6652479,1
3098,58412928,1
3099,54752919,1
3100,73591719,1
3101,37563644,1
3102,1621025,1
3103,71945804,1
3104,71722028,1
3105,60141362,1
3106,11043326,1
3107,26469439,1
3108,17091835,1
3109,71252282,1
3110,63543328,1
3111,75858879,1
3112,74502499,1
3113,59505660,1
3114,56346743,1
3115,75864867,1
3116,41979787,1
3117,72254614,1
3118,11610133,1
3119,72601051,1
3120,5094775,1
3121,68657951,1
3122,46454836,1
3123,36736895,1
3124,67494583,1
3125,67205400,1
3126,10984255,1
3127,67523046,1
3128,53773820,1
3129,68622425,1
3130,57345604,1
3131,19486540,1
3132,64528873,1
3133,13230631,1
3134,55633872,1
3135,75873842,1
3136,52725882,1
3137,34372494,1
3138,75883145,1
3139,21357220,1
3140,65808024,1
3141,65841036,1
3142,72574753,1
3143,39829733,1
3144,56725582,1
3145,69721755,1
3146,63596258,1
3147,59767496,1
3148,75861876,1
3149,8004471,1
3150,62654279,1
3151,13878439,1
3152,66220641,1
3153,14811627,1
3154,66552722,1
3155,75838526,1
3156,16564364,1
3157,1914431,1
3158,71822330,1
3159,21880782,1
3160,52683004,1
3161,7529267,1
3162,58318869,1
3163,71880325,1
3164,4470092,1
3165,65959534,1
3166,60813748,1
3167,53218163,1
3168,64862946,1
3169,72196439,1
3170,58854572,1
3171,28161527,1
3172,27250746,1
3173,75907779,1
3174,66412770,1
3175,67348891,1
3176,52125630,1
3177,47562679,1
3178,39505323,1
3179,68128591,1
3180,18312178,1
3181,2256980,1
3182,29732608,1
3183,4010033,1
3184,46982857,1
3185,72149089,1
3186,68595129,1
3187,75922766,1
3188,58941759,1
3189,1423849,1
3190,40063962,1
3191,59090324,1
3192,46998716,1
3193,21443941,1
3194,60281462,1
3195,47908292,1
3196,59540732,1
3197,34988815,1
3198,59220441,1
3199,69566370,1
3200,1451145,1
3201,75747586,1
3202,66349156,1
3203,66278390,1
3204,63677631,1
3205,63543658,1
3206,38244078,1
3207,38795710,1
3208,63422475,1
3209,75938269,1
3210,46635774,1
3211,54704933,1
3212,66997442,1
3213,60207754,1
3214,7914580,1
3215,33295042,1
3216,75956919,1
3217,12276216,1
3218,41046691,1
3219,12932061,1
3220,56979,1
3221,35493790,1
3222,53588117,1
3223,65501179,1
3224,26679508,1
3225,22078,1
3226,36525050,1
3227,63545279,1
3228,66991247,1
3229,62978981,1
3230,58777478,1
3231,31092343,1
3232,62813067,1
3233,69576001,1
3234,67936484,1
3235,13143930,1
3236,53800744,1
3237,63021446,1
3238,52533045,1
3239,57247205,1
3240,14060231,1
3241,73348664,1
3242,65148438,1
3243,63416974,1
3244,66979687,1
3245,17926203,1
3246,65892801,1
3247,65686957,1
3248,59919194,1
3249,43273694,1
3250,46629262,1
3251,536152,1
3252,63400202,1
3253,69533214,1
3254,68038381,1
3255,66146723,1
3256,75993538,1
3257,75154315,1
3258,59463168,1
3259,61628222,1
3260,72454505,1
3261,35656000,1
3262,31526741,1
3263,69258450,1
3264,62304659,1
3265,68713063,1
3266,6498021,1
3267,65637317,1
3268,12952441,1
3269,58241049,1
3270,2303949,1
3271,57937556,1
3272,70659452,1
3273,63808206,1
3274,57790224,1
3275,10056397,1
3276,46557789,1
3277,72566254,1
3278,65025771,1
3279,22965619,1
3280,50735632,1
3281,50163686,1
3282,31766153,1
3283,13166272,1
3284,68845876,1
3285,37086312,1
3286,70140504,1
3287,66970416,1
3288,47140892,1
3289,13984431,1
3290,72383800,1
3291,15021812,1
3292,46554448,1
3293,67054837,1
3294,59828957,1
3295,40146601,1
3296,57898223,1
3297,76022422,1
3298,33435914,1
3299,69310061,1
3300,75989848,1
3301,13890113,1
3302,60358962,1
3303,59541610,1
3304,56824692,1
3305,28228233,1
3306,58292976,1
3307,58143994,1
3308,73940793,1
3309,76029855,1
3310,53079390,1
3311,65178780,1
3312,3107771,1
3313,46945922,1
3314,66803823,1
3315,29018183,1
3316,62350899,1
3317,32886256,1
3318,67639816,1
3319,66972545,1
3320,51191506,1
3321,76058684,1
3322,36611978,1
3323,35033437,1
3324,54000842,1
3325,75841245,1
3326,74804787,1
3327,55923033,1
3328,59236080,1
3329,23707289,1
3330,1811445,1
3331,70555988,1
3332,61463662,1
3333,55159166,1
3334,7779131,1
3335,61760499,1
3336,47446432,1
3337,60440736,1
3338,46032344,1
3339,65626327,1
3340,42317076,1
3341,55726815,1
3342,67612376,1
3343,47094704,1
3344,28687942,1
3345,28603911,1
3346,75824495,1
3347,26483420,1
3348,37480451,1
3349,55031105,1
3350,52494603,1
3351,21978729,1
3352,48906573,1
3353,15065010,1
3354,60501115,1
3355,15857453,1
3356,59802420,1
3357,108223,1
3358,60794275,1
3359,14579403,1
3360,26679436,1
3361,45084602,1
3362,73691660,1
3363,58319410,1
3364,62702386,1
3365,74088474,1
3366,65937103,1
3367,73004899,1
3368,59964678,1
3369,65115341,1
3370,63377140,1
3371,68968542,1
3372,61706632,1
3373,11598976,1
3374,14660087,1
3375,63013986,1
3376,62842296,1
3377,65457921,1
3378,1614882,1
3379,72481743,1
3380,64574632,1
3381,63369220,1
3382,4172411,1
3383,20117241,1
3384,62070550,1
3385,1042765,1
3386,62801476,1
3387,66248280,1
3388,73401391,1
3389,30372412,1
3390,58728113,1
3391,48879884,1
3392,66554346,1
3393,64831695,1
3394,76103601,1
3395,63305460,1
3396,21088733,1
3397,74888899,1
3398,66060167,1
3399,64705,1
3400,54963433,1
3401,76112022,1
3402,47890569,1
3403,71418791,1
3404,3043559,1
3405,11276938,1
3406,35001936,1
3407,58403010,1
3408,76063453,1
3409,66313734,1
3410,18820570,1
3411,70664870,1
3412,76126499,1
3413,16266686,1
3414,25886834,1
3415,32778334,1
3416,57781095,1
3417,76132508,1
3418,75879247,1
3419,76133044,1
3420,76018210,1
3421,76133392,1
3422,75954726,1
3423,44705250,1
3424,76069840,1
3425,76019034,1
3426,76133507,1
3427,75965276,1
3428,75917092,1
3429,75974325,1
3430,76134290,1
3431,76134970,1
3432,75898242,1
3433,75943261,1
3434,76065930,1
3435,75889760,1
3436,75096290,1
3437,75954448,1
3438,4050468,1
3439,50852861,1
3440,69585468,1
3441,74969793,1
3442,11505420,1
3443,43839882,1
3444,2119952,1
3445,9329230,1
3446,71530833,1
3447,63305831,1
3448,61328080,1
3449,60290051,1
3450,4194973,1
3451,73522581,1
3452,63604446,1
3453,56361510,1
3454,64872943,1
3455,64607930,1
3456,30006326,1
3457,63938366,1
3458,31217125,1
3459,50885239,1
3460,67717925,1
3461,66355280,1
3462,76166074,1
3463,60339586,1
3464,38412402,1
3465,76084356,1
3466,60365678,1
3467,76166053,1
3468,72492579,1
3469,62568540,1
3470,54771617,1
3471,54615698,1
3472,50210704,1
3473,61475327,1
3474,64449408,1
3475,67994738,1
3476,74080780,1
3477,56256751,1
3478,62025501,1
3479,72379421,1
3480,67740111,1
3481,26549246,1
3482,1912242,1
3483,29419789,1
3484,40400713,1
3485,56617226,1
3486,62432504,1
3487,72214191,1
3488,14935941,1
3489,65093127,1
3490,67406875,1
3491,17056339,1
3492,50007045,1
3493,69581427,1
3494,49484632,1
3495,43326436,1
3496,15696510,1
3497,4119757,1
3498,1955838,1
3499,63277551,1
3500,25689932,1
3501,2108909,1
3502,13220740,1
3503,73849653,1
3504,33058475,1
3505,18872915,1
3506,64813179,1
3507,54692409,1
3508,22631723,1
3509,1362582,1
3510,8191046,1
3511,46916392,1
3512,5050077,1
3513,56900164,1
3514,56943551,1
3515,63373004,1
3516,27081005,1
3517,69411051,1
3518,33086341,1
3519,12756492,1
3520,57992659,1
3521,59154463,1
3522,73900426,1
3523,60788221,1
3524,69033972,1
3525,13341204,1
3526,67265103,1
3527,69909665,1
3528,12486858,1
3529,62427447,1
3530,35296267,1
3531,57026982,1
3532,1167164,1
3533,34274050,1
3534,59868749,1
3535,20819839,1
3536,55864681,1
3537,68619716,1
3538,51783531,1
3539,28335010,1
3540,28368780,1
3541,2459,1
3542,11443316,1
3543,1379081,1
3544,74532198,1
3545,73258664,1
3546,66849057,1
3547,3084816,1
3548,54555205,1
3549,44199834,1
3550,37299459,1
3551,29008466,1
3552,73349110,1
3553,64781588,1
3554,55312817,1
3555,73878060,1
3556,56299925,1
3557,39024922,1
3558,14303363,1
3559,45435373,1
3560,1052802,1
3561,26967418,1
3562,52334415,1
3563,72188975,1
3564,14008069,1
3565,14526924,1
3566,68032647,1
3567,50151976,1
3568,72818709,1
3569,30290726,1
3570,26556077,1
3571,61544729,1
3572,53111115,1
3573,76265047,1
3574,37411144,1
3575,31531091,1
3576,40752226,1
3577,58925126,1
3578,61479280,1
3579,66575408,1
3580,55778735,1
3581,76272033,1
3582,67029714,1
3583,46993034,1
3584,39539959,1
3585,41190379,1
3586,46662268,1
3587,30650063,1
3588,47647764,1
3589,57120087,1
3590,26455951,1
3591,34644475,1
3592,40797829,1
3593,50676146,1
3594,57232243,1
3595,20457178,1
3596,56774161,1
3597,960570,1
3598,50810434,1
3599,68513518,1
3600,13934531,1
3601,48462229,1
3602,5320583,1
3603,8964060,1
3604,53166270,1
3605,28047160,1
3606,76094535,1
3607,26151155,1
3608,74630322,1
3609,44995212,1
3610,60449243,1
3611,52593756,1
3612,74387142,1
3613,71197620,1
3614,32580026,1
3615,63776108,1
3616,55427752,1
3617,66174836,1
3618,31581843,1
3619,26548147,1
3620,71792165,1
3621,76308162,1
3622,12780791,1
3623,892036,1
3624,12669835,1
3625,58358546,1
3626,6801808,1
3627,15744418,1
3628,60949839,1
3629,3271182,1
3630,52310954,1
3631,39187066,1
3632,66276462,1
3633,14958467,1
3634,76211878,1
3635,59105748,1
3636,46707511,1
3637,59441557,1
3638,1266184,1
3639,48930358,1
3640,65658841,1
3641,72314408,1
3642,70711560,1
3643,66134939,1
3644,46899206,1
3645,67784047,1
3646,56465421,1
3647,56720717,1
3648,66566337,1
3649,33597851,1
3650,1218516,1
3651,365950,1
3652,32244240,1
3653,35372759,1
3654,71812104,1
3655,66576818,1
3656,63279200,1
3657,2287621,1
3658,3044500,1
3659,76339784,1
3660,44374932,1
3661,74566826,1
3662,68862657,1
3663,65423897,1
3664,35692955,1
3665,59839312,1
3666,14533631,1
3667,69578550,1
3668,15587466,1
3669,27920024,1
3670,13308703,1
3671,39695589,1
3672,56446929,1
3673,9075476,1
3674,5398674,1
3675,54903839,1
3676,29259809,1
3677,43032315,1
3678,40947656,1
3679,61953732,1
3680,57001367,1
3681,46564502,1
3682,63535968,1
3683,44157271,1
3684,72050670,1
3685,65752873,1
3686,32974732,1
3687,17687391,1
3688,69843538,1
3689,69588141,1
3690,31814259,1
3691,64490088,1
3692,72306525,1
3693,59320998,1
3694,63771552,1
3695,69536465,1
3696,57927743,1
3697,48131152,1
3698,65816626,1
3699,66854707,1
3700,63308110,1
3701,31657309,1
3702,76368898,1
3703,57336200,1
3704,49638521,1
3705,68753056,1
3706,65681237,1
3707,18517368,1
3708,59590250,1
3709,31279733,1
3710,51575544,1
3711,2303,1
3712,63548444,1
3713,194828,1
3714,17008759,1
3715,65887473,1
3716,47130338,1
3717,64738190,1
3718,66661568,1
3719,19762362,1
3720,30911974,1
3721,37931934,1
3722,26139343,1
3723,69913927,1
3724,35238887,1
3725,16062203,1
3726,69468221,1
3727,1815261,1
3728,1923089,1
3729,58680175,1
3730,68671301,1
3731,34173174,1
3732,58878721,1
3733,26807517,1
3734,64687134,1
3735,50131461,1
3736,12856693,1
3737,66404941,1
3738,67151807,1
3739,46970023,1
3740,58415504,1
3741,44525425,1
3742,65006181,1
3743,60816456,1
3744,66229168,1
3745,42886566,1
3746,42968390,1
3747,68667273,1
3748,52851744,1
3749,43872017,1
3750,55077747,1
3751,5692796,1
3752,63034015,1
3753,30765859,1
3754,74552996,1
3755,66921645,1
3756,24878,1
3757,33377399,1
3758,72107760,1
3759,72906532,1
3760,72807690,1
3761,42352771,1
3762,66292394,1
3763,76367974,1
3764,76437759,1
3765,67489236,1
3766,11774454,1
3767,57593596,1
3768,27557742,1
3769,49768129,1
3770,21165981,1
3771,70656630,1
3772,53959348,1
3773,74104217,1
3774,68288001,1
3775,60354610,1
3776,1920112,1
3777,53757968,1
3778,61850073,1
3779,51126083,1
3780,35026294,1
3781,64445727,1
3782,46514023,1
3783,55070452,1
3784,920052,1
3785,26880832,1
3786,60363055,1
3787,63523676,1
3788,56679104,1
3789,26964450,1
3790,11478,1
3791,76459671,1
3792,3604415,1
3793,73492756,1
3794,74533790,1
3795,2301912,1
3796,2375860,1
3797,65859488,1
3798,316015,1
3799,2368644,1
3800,71563391,1
3801,8878328,1
3802,14490684,1
3803,57823999,1
3804,68366870,1
3805,72149769,1
3806,36153279,1
3807,54168018,1
3808,76502186,1
3809,2944848,1
3810,76502234,1
3811,2766225,1
3812,32700530,1
3813,64397379,1
3814,2840529,1
3815,2591436,1
3816,52189539,1
3817,9934152,1
3818,75828017,1
3819,22448431,1
3820,22334104,1
3821,72314887,1
3822,70481312,1
3823,64303637,1
3824,65314413,1
3825,65543878,1
3826,61884633,1
3827,57323378,1
3828,46844347,1
3829,61124249,1
3830,70260599,1
3831,53581066,1
3832,65564472,1
3833,72297867,1
3834,76513762,1
3835,72562750,1
3836,51221761,1
3837,63584388,1
3838,73945022,1
3839,74479035,1
3840,20818051,1
3841,76395938,1
3842,12505145,1
3843,71401138,1
3844,69790773,1
3845,66794564,1
3846,67770525,1
3847,53129664,1
3848,48129895,1
3849,64710368,1
3850,62958332,1
3851,69844827,1
3852,47106196,1
3853,75726015,1
3854,9532031,1
3855,76330163,1
3856,74186467,1
3857,3336555,1
3858,76525471,1
3859,5259332,1
3860,39855192,1
3861,54497291,1
3862,16384394,1
3863,6583117,1
3864,5858095,1
3865,59861748,1
3866,44981098,1
3867,33504270,1
3868,76567493,1
3869,71930711,1
3870,70262490,1
3871,61913980,1
3872,52530483,1
3873,68287555,1
3874,67438946,1
3875,62264581,1
3876,14017445,1
3877,60426510,1
3878,31262880,1
3879,75863961,1
3880,9037759,1
3881,57234560,1
3882,27053288,1
3883,15337955,1
3884,32970993,1
3885,61098989,1
3886,56710894,1
3887,34188778,1
3888,60417123,1
3889,66563011,1
3890,30580728,1
3891,63732529,1
3892,61873815,1
3893,65373776,1
3894,62565584,1
3895,28973096,1
3896,71955929,1
3897,64991627,1
3898,67466828,1
3899,1521183,1
3900,63048692,1
3901,64945472,1
3902,9961547,1
3903,11395545,1
3904,47171159,1
3905,46543369,1
3906,66946247,1
3907,6625563,1
3908,56877540,1
3909,63505282,1
3910,67230159,1
3911,56483359,1
3912,67857122,1
3913,38777396,1
3914,62269429,1
3915,69926898,1
3916,71569941,1
3917,10406194,1
3918,45611774,1
3919,51587898,1
3920,49979889,1
3921,59413601,1
3922,23225364,1
3923,11925018,1
3924,62860864,1
3925,44984742,1
3926,35881533,1
3927,40712613,1
3928,7335336,1
3929,58708373,1
3930,20136696,1
3931,46919366,1
3932,72128484,1
3933,18069549,1
3934,46310736,1
3935,44289317,1
3936,65254264,1
3937,69139774,1
3938,56802085,1
3939,65416083,1
3940,62144888,1
3941,51551570,1
3942,75939033,1
3943,46954796,1
3944,43214558,1
3945,59316185,1
3946,46938505,1
3947,48192003,1
3948,46907350,1
3949,4202642,1
3950,49164991,1
3951,57624731,1
3952,214747,1
3953,53803820,1
3954,66052632,1
3955,69618393,1
3956,40651927,1
3957,63601823,1
3958,1025211,1
3959,17050169,1
3960,18606968,1
3961,75132983,1
3962,72167023,1
3963,59975457,1
3964,46680227,1
3965,25265625,1
3966,55453090,1
3967,47424178,1
3968,36321004,1
3969,39748350,1
3970,76672383,1
3971,57855849,1
3972,66180278,1
3973,63045883,1
3974,44391496,1
3975,68636336,1
3976,73208860,1
3977,48103951,1
3978,19533985,1
3979,59251742,1
3980,43786686,1
3981,13001532,1
3982,25098179,1
3983,2319664,1
3984,308104,1
3985,32456535,1
3986,9933329,1
3987,52454844,1
3988,6402268,1
3989,9265097,1
3990,73582772,1
3991,75130188,1
3992,67131317,1
3993,7674956,1
3994,27681538,1
3995,72367218,1
3996,47096124,1
3997,33086904,1
3998,70286035,1
3999,70586998,1
4000,21074,1
4001,6159615,1
4002,29699319,1
4003,15397072,1
4004,58483814,1
4005,26145954,1
4006,6494581,1
4007,75736777,1
4008,13264145,1
4009,76697870,1
4010,65259349,1
4011,69464265,1
4012,8627568,1
4013,2346992,1
4014,53870600,1
4015,25331155,1
4016,71820555,1
4017,34807039,1
4018,53129036,1
4019,63382424,1
4020,64888397,1
4021,53451136,1
4022,25579954,1
4023,21660183,1
4024,19294502,1
4025,39926136,1
4026,69708154,1
4027,62457664,1
4028,45565033,1
4029,72593600,1
4030,45122887,1
4031,53661231,1
4032,18945114,1
4033,74058910,1
4034,62716546,1
4035,59865643,1
4036,72888955,1
4037,63015661,1
4038,45854563,1
4039,66866912,1
4040,47155191,1
4041,69525046,1
4042,75208788,1
4043,35943105,1
4044,53364836,1
4045,70272119,1
4046,68807301,1
4047,21912635,1
4048,46899590,1
4049,50373763,1
4050,149232,1
4051,14577152,1
4052,11348361,1
4053,58224008,1
4054,75985121,1
4055,53739247,1
4056,52444732,1
4057,46873077,1
4058,73591218,1
4059,76398634,1
4060,56255037,1
4061,65649203,1
4062,49078710,1
4063,70528091,1
4064,42736195,1
4065,50065372,1
4066,66162203,1
4067,6461056,1
4068,56467241,1
4069,65335305,1
4070,63043983,1
4071,72285776,1
4072,49251224,1
4073,10757524,1
4074,73952658,1
4075,76803956,1
4076,63088235,1
4077,23392036,1
4078,48903815,1
4079,70016683,1
4080,67793839,1
4081,26381876,1
4082,58457232,1
4083,46831352,1
4084,49092275,1
4085,76818663,1
4086,71781323,1
4087,56497683,1
4088,47775818,1
4089,23556013,1
4090,76783843,1
4091,60541011,1
4092,65351610,1
4093,33114078,1
4094,27255749,1
4095,73980545,1
4096,57336783,1
4097,76122524,1
4098,15782833,1
4099,5161936,1
4100,3879524,1
4101,71964863,1
4102,58755604,1
4103,76123971,1
4104,60551897,1
4105,18619337,1
4106,25517337,1
4107,68755318,1
4108,42289376,1
4109,16113646,1
4110,69815913,1
4111,67655513,1
4112,35657714,1
4113,39071401,1
4114,31473344,1
4115,75881994,1
4116,59736350,1
4117,13330223,1
4118,59737340,1
4119,76869882,1
4120,76870270,1
4121,60937241,1
4122,63688544,1
4123,72387526,1
4124,51573932,1
4125,70660786,1
4126,13965030,1
4127,62150924,1
4128,69233648,1
4129,18593608,1
4130,34980087,1
4131,17789425,1
4132,67465390,1
4133,47557620,1
4134,32472908,1
4135,72170017,1
4136,76885195,1
4137,56758045,1
4138,20088134,1
4139,12064282,1
4140,21139009,1
4141,56948248,1
4142,76897964,1
4143,927853,1
4144,21811049,1
4145,1940399,1
4146,59320766,1
4147,2301439,1
4148,37542638,1
4149,54860373,1
4150,16238467,1
4151,22503369,1
4152,76862686,1
4153,46629179,1
4154,43466164,1
4155,72688708,1
4156,67774892,1
4157,63735462,1
4158,64500871,1
4159,71961455,1
4160,404319,1
4161,63428929,1
4162,73468847,1
4163,17032998,1
4164,35548747,1
4165,63554481,1
4166,58177947,1
4167,11968565,1
4168,65365254,1
4169,58117336,1
4170,57560949,1
4171,67856517,1
4172,26895868,1
4173,43069609,1
4174,40815390,1
4175,21772323,1
4176,65310420,1
4177,11194127,1
4178,58431738,1
4179,52527,1
4180,63123222,1
4181,63681657,1
4182,52944892,1
4183,76162485,1
4184,69533493,1
4185,53157416,1
4186,63444899,1
4187,35249258,1
4188,60211101,1
4189,68020976,1
4190,66260345,1
4191,59077138,1
4192,23610263,1
4193,70479300,1
4194,39288299,1
4195,61409818,1
4196,76923389,1
4197,48328064,1
4198,14842147,1
4199,62148311,1
4200,68527520,1
4201,21589183,1
4202,34238473,1
4203,70727212,1
4204,69817825,1
4205,31003504,1
4206,63584515,1
4207,7141111,1
4208,17600128,1
4209,22109648,1
4210,71269833,1
4211,67158045,1
4212,60381712,1
4213,53431927,1
4214,69751115,1
4215,59095149,1
4216,3855204,1
4217,57847840,1
4218,45368958,1
4219,47973475,1
4220,70715706,1
4221,41413986,1
4222,18491974,1
4223,68962275,1
4224,64848521,1
4225,412198,1
4226,64630673,1
4227,54532115,1
4228,60274567,1
4229,75153619,1
4230,52353962,1
4231,66809837,1
4232,48763933,1
4233,37041404,1
4234,58463257,1
4235,68218773,1
4236,68820266,1
4237,53724838,1
4238,67949286,1
4239,7966656,1
4240,69329410,1
4241,66946009,1
4242,48666251,1
4243,20069252,1
4244,50519715,1
4245,81796,1
4246,17610450,1
4247,63572877,1
4248,66657424,1
4249,23394027,1
4250,53203839,1
4251,58223613,1
4252,76983053,1
4253,33722151,1
4254,68211782,1
4255,76206339,1
4256,744905,1
4257,59604520,1
4258,32529174,1
4259,37343882,1
4260,74668698,1
4261,19541478,1
4262,44043675,1
4263,45161231,1
4264,64513369,1
4265,67204261,1
4266,38620225,1
4267,31329037,1
4268,63591393,1
4269,54424043,1
4270,13337786,1
4271,17847233,1
4272,61757924,1
4273,63510561,1
4274,62299068,1
4275,482328,1
4276,21442548,1
4277,76188995,1
4278,67052117,1
4279,18959665,1
4280,65688177,1
4281,71806314,1
4282,73571844,1
4283,53668731,1
4284,67594793,1
4285,49902117,1
4286,23608710,1
4287,21970796,1
4288,66249815,1
4289,47920465,1
4290,77029693,1
4291,41718506,1
4292,71926076,1
4293,10317434,1
4294,60641078,1
4295,73897397,1
4296,73348263,1
4297,27168461,1
4298,53653737,1
4299,26749327,1
4300,62307261,1
4301,71809276,1
4302,515165,1
4303,52803714,1
4304,36244660,1
4305,51747797,1
4306,74764097,1
4307,23762274,1
4308,69555093,1
4309,57156977,1
4310,48555700,1
4311,46770363,1
4312,76443723,1
4313,74707111,1
4314,44901258,1
4315,57508869,1
4316,25873559,1
4317,68194567,1
4318,4945136,1
4319,7426935,1
4320,65477384,1
4321,16779222,1
4322,67367628,1
4323,68773245,1
4324,46585652,1
4325,10277356,1
4326,57100443,1
4327,4821348,1
4328,62324118,1
4329,63611709,1
4330,76877600,1
4331,55930193,1
4332,65595654,1
4333,47187316,1
4334,10830639,1
4335,64697969,1
4336,50498264,1
4337,66236496,1
4338,61863886,1
4339,2611482,1
4340,23950701,1
4341,23038770,1
4342,59918562,1
4343,69702085,1
4344,23374636,1
4345,51379158,1
4346,74661161,1
4347,52878285,1
4348,77098522,1
4349,69832790,1
4350,44997374,1
4351,65376822,1
4352,53610999,1
4353,48497387,1
4354,19073919,1
4355,57487762,1
4356,28755967,1
4357,60749297,1
4358,77075528,1
4359,60511424,1
4360,28667696,1
4361,68354416,1
4362,77111570,1
4363,69422556,1
4364,75999864,1
4365,71707280,1
4366,60314906,1
4367,63951139,1
4368,60835235,1
4369,65181547,1
4370,62832577,1
4371,66970006,1
4372,16692697,1
4373,76931531,1
4374,36309727,1
4375,22599748,1
4376,58199040,1
4377,45820007,1
4378,3039349,1
4379,68155028,1
4380,67713539,1
4381,57120861,1
4382,60511297,1
4383,76179827,1
4384,76801435,1
4385,65281130,1
4386,60535753,1
4387,43381569,1
4388,77030719,1
4389,69265819,1
4390,47281219,1
4391,6542014,1
4392,56870180,1
4393,47421523,1
4394,30773712,1
4395,46679187,1
4396,76763337,1
4397,68212354,1
4398,5442815,1
4399,76281931,1
4400,8229471,1
4401,64909917,1
4402,69607448,1
4403,41641103,1
4404,28993366,1
4405,73851307,1
4406,76696333,1
4407,76732268,1
4408,23485937,1
4409,46820056,1
4410,45428638,1
4411,61672072,1
4412,44880075,1
4413,56818720,1
4414,3017703,1
4415,16776976,1
4416,66911056,1
4417,58211599,1
4418,66386028,1
4419,77183812,1
4420,906767,1
4421,66647397,1
4422,65272160,1
4423,55803906,1
4424,39067458,1
4425,77183882,1
4426,52125903,1
4427,9167659,1
4428,45704949,1
4429,59340723,1
4430,36256008,1
4431,65566063,1
4432,31633759,1
4433,73294122,1
4434,77189684,1
4435,59195993,1
4436,31650589,1
4437,75736891,1
4438,73373596,1
4439,22900759,1
4440,21901673,1
4441,77190666,1
4442,63944660,1
4443,752866,1
4444,58414850,1
4445,77190712,1
4446,71851506,1
4447,77181017,1
4448,77117935,1
4449,60310149,1
4450,66376771,1
4451,46142114,1
4452,68670346,1
4453,67626935,1
4454,18668529,1
4455,68661653,1
4456,57660086,1
4457,55030903,1
4458,46913315,1
4459,62760039,1
4460,67152146,1
4461,77211964,1
4462,68140692,1
4463,46372975,1
4464,72606856,1
4465,76824262,1
4466,68660369,1
4467,41674501,1
4468,77212084,1
4469,60367682,1
4470,13129515,1
4471,3630212,1
4472,47350276,1
4473,172496,1
4474,43253661,1
4475,24027025,1
4476,62643607,1
4477,25209256,1
4478,12954558,1
4479,25799678,1
4480,65958512,1
4481,70060890,1
4482,31591008,1
4483,35147169,1
4484,7938811,1
4485,55875943,1
4486,52117264,1
4487,70172950,1
4488,76876275,1
4489,16599847,1
4490,77245450,1
4491,51807336,1
4492,39067920,1
4493,76853288,1
4494,63669565,1
4495,66724463,1
4496,23665906,1
4497,75902176,1
4498,65535536,1
4499,117042,1
4500,32057108,1
4501,77211181,1
4502,69475585,1
4503,12712820,1
4504,76117281,1
4505,65606183,1
4506,14976316,1
4507,72578187,1
4508,55648149,1
4509,65377180,1
4510,71630354,1
4511,73706754,1
4512,61427462,1
4513,65995445,1
4514,1629209,1
4515,66578329,1
4516,1095279,1
4517,46901458,1
4518,68734777,1
4519,48491598,1
4520,468641,1
4521,22896385,1
4522,69510702,1
4523,46161245,1
4524,77271027,1
4525,77276675,1
4526,71402538,1
4527,65735846,1
4528,8342058,1
4529,65572143,1
4530,72998367,1
4531,47190208,1
4532,50626147,1
4533,77333797,1
4534,77333766,1
4535,76351427,1
4536,65964236,1
4537,67903272,1
4538,63436557,1
4539,77285127,1
4540,68250049,1
4541,77315773,1
4542,77324810,1
4543,69574805,1
4544,71487981,1
4545,56945925,1
4546,66342822,1
4547,2581362,1
4548,19596951,1
4549,77358198,1
4550,17224067,1
4551,71183742,1
4552,75919232,1
4553,50184373,1
4554,58939348,1
4555,39621924,1
4556,53727393,1
4557,44519404,1
4558,56088377,1
4559,61891061,1
4560,10947600,1
4561,65171675,1
4562,70220237,1
4563,17613083,1
4564,488122,1
4565,74129022,1
4566,44399489,1
4567,22808724,1
4568,62241873,1
4569,72025329,1
4570,77272917,1
4571,12419265,1
4572,65302333,1
4573,6396074,1
4574,16925408,1
4575,77413717,1
4576,20346855,1
4577,69510385,1
4578,63465152,1
4579,77263203,1
4580,26414692,1
4581,65377080,1
4582,63031061,1
4583,59915041,1
4584,67929741,1
4585,26369835,1
4586,71814075,1
4587,67569528,1
4588,16694389,1
4589,67122417,1
4590,52705899,1
4591,65923621,1
4592,74557056,1
4593,64951338,1
4594,68222140,1
4595,77435821,1
4596,74661237,1
4597,8619304,1
4598,73674643,1
4599,45546174,1
4600,1968064,1
4601,57795263,1
4602,10195617,1
4603,76233506,1
4604,69216983,1
4605,2920306,1
4606,63591690,1
4607,75760444,1
4608,9161769,1
4609,63713363,1
4610,68987880,1
4611,57355815,1
4612,47537249,1
4613,4025651,1
4614,62218945,1
4615,67961107,1
4616,77492432,1
4617,41447819,1
4618,7070333,1
4619,34465630,1
4620,77492910,1
4621,18610108,1
4622,60715264,1
4623,69453000,1
4624,23688396,1
4625,69948155,1
4626,23513948,1
4627,63464218,1
4628,70191903,1
4629,36448110,1
4630,67351225,1
4631,65673927,1
4632,54764441,1
4633,6912823,1
4634,40095613,1
4635,64887890,1
4636,16845983,1
4637,69433998,1
4638,64892498,1
4639,67628849,1
4640,52716655,1
4641,77033741,1
4642,26630776,1
4643,4294162,1
4644,73125809,1
4645,66134487,1
4646,56151329,1
4647,4638384,1
4648,2793503,1
4649,25468608,1
4650,36056419,1
4651,35009574,1
4652,77592906,1
4653,62951344,1
4654,73929523,1
4655,63307008,1
4656,46936829,1
4657,76233335,1
4658,66961594,1
4659,56476540,1
4660,75835227,1
4661,58948826,1
4662,44633782,1
4663,77595678,1
4664,26644015,1
4665,27410769,1
4666,22789790,1
4667,68651841,1
4668,63637188,1
4669,77634609,1
4670,77634625,1
4671,59692467,1
4672,77635201,1
4673,76231723,1
4674,72794183,1
4675,47109348,1
4676,30197783,1
4677,72677475,1
4678,57720058,1
4679,77470149,1
4680,60710222,1
4681,17445624,1
4682,48000580,1
4683,55359661,1
4684,12553508,1
4685,32666319,1
4686,66247339,1
4687,69706200,1
4688,77687182,1
4689,67082268,1
4690,68605477,1
4691,29821482,1
4692,76396383,1
4693,2713077,1
4694,77021625,1
4695,45764709,1
4696,15387190,1
4697,77142642,1
4698,23315563,1
4699,65024109,1
4700,73665997,1
4701,47573951,1
4702,16720035,1
4703,58705091,1
4704,57595084,1
4705,68297903,1
4706,63446969,1
4707,47528572,1
4708,46834363,1
4709,69477483,1
4710,57768016,1
4711,175053,1
4712,77073675,1
4713,22723692,1
4714,62307082,1
4715,21636085,1
4716,18574999,1
4717,66298586,1
4718,77767942,1
4719,25887268,1
4720,15066821,1
4721,66583909,1
4722,31406194,1
4723,16996586,1
4724,8188133,1
4725,20463728,1
4726,25963542,1
4727,60667993,1
4728,54991822,1
4729,9455509,1
4730,47347934,1
4731,22266772,1
4732,63887525,1
4733,38680753,1
4734,29701,1
4735,53466774,1
4736,77791961,1
4737,68721696,1
4738,77102177,1
4739,33668404,1
4740,17163221,1
4741,51706499,1
4742,65447161,1
4743,77811165,1
4744,44901895,1
4745,77810957,1
4746,34486318,1
4747,73106939,1
4748,19973301,1
4749,52486233,1
4750,77828297,1
4751,38874717,1
4752,59706231,1
4753,13105665,1
4754,64907867,1
4755,30795295,1
4756,4409063,1
4757,18121542,1
4758,55708305,1
4759,68391180,1
4760,63135057,1
4761,59482452,1
4762,67210482,1
4763,77820562,1
4764,26976593,1
4765,2493033,1
4766,29748366,1
4767,71138010,1
4768,61624729,1
4769,3558856,1
4770,17572824,1
4771,74080723,1
4772,68963230,1
4773,60079967,1
4774,60081049,1
4775,3532155,1
4776,52656094,1
4777,51185929,1
4778,60501091,1
4779,54928975,1
4780,56822552,1
4781,50203512,1
4782,20308881,1
4783,77876349,1
4784,12902174,1
4785,69727174,1
4786,77876141,1
4787,15579865,1
4788,16284168,1
4789,39971987,1
4790,77661380,1
4791,59836904,1
4792,77885704,1
4793,605638,1
4794,58979714,1
4795,65680245,1
4796,23378912,1
4797,50475655,1
4798,54417629,1
4799,76759480,1
4800,52030884,1
4801,75905973,1
4802,68838889,1
4803,67103010,1
4804,64944016,1
4805,23238327,1
4806,46830975,1
4807,60357486,1
4808,51194388,1
4809,69496977,1
4810,77911056,1
4811,15734568,1
4812,70489437,1
4813,74508566,1
4814,34944736,1
4815,77045376,1
4816,77908833,1
4817,66083282,1
4818,63490497,1
4819,64389765,1
4820,63563727,1
4821,13483611,1
4822,2890498,1
4823,77751736,1
4824,12822254,1
4825,40833828,1
4826,74938388,1
4827,38736626,1
4828,8095177,1
4829,15753891,1
4830,1878041,1
4831,39636967,1
4832,62670869,1
4833,71860748,1
4834,77941481,1
4835,76428886,1
4836,3056677,1
4837,66253580,1
4838,68239344,1
4839,53608409,1
4840,74893591,1
4841,16507503,1
4842,75807284,1
4843,54615828,1
4844,76430734,1
4845,66934692,1
4846,65746157,1
4847,65641894,1
4848,40903377,1
4849,62373553,1
4850,71141513,1
4851,20877330,1
4852,60434613,1
4853,76994157,1
4854,65460730,1
4855,4987377,1
4856,228594,1
4857,64371585,1
4858,60559238,1
4859,11960208,1
4860,50965037,1
4861,2354776,1
4862,446610,1
4863,57857446,1
4864,45675336,1
4865,78001638,1
4866,75816979,1
4867,56154075,1
4868,19630094,1
4869,34604079,1
4870,60325579,1
4871,53576164,1
4872,78000492,1
4873,26439318,1
4874,72809229,1
4875,45967952,1
4876,25287035,1
4877,78014009,1
4878,41035621,1
4879,70588252,1
4880,8919978,1
4881,18782021,1
4882,60066286,1
4883,77212419,1
4884,12331174,1
4885,13526039,1
4886,41646484,1
4887,60484976,1
4888,8741615,1
4889,69003252,1
4890,63847928,1
4891,48092143,1
4892,56432233,1
4893,51920511,1
4894,74627290,1
4895,67568996,1
4896,77223823,1
4897,63652195,1
4898,64469348,1
4899,17152545,1
4900,67921543,1
4901,76143141,1
4902,15727582,1
4903,59772388,1
4904,27077287,1
4905,50132533,1
4906,20166476,1
4907,23895468,1
4908,51987354,1
4909,65044851,1
4910,28550678,1
4911,67887761,1
4912,7245980,1
4913,26692089,1
4914,63202387,1
4915,32200754,1
4916,56508017,1
4917,2633992,1
4918,75952371,1
4919,21823075,1
4920,73661267,1
4921,582307,1
4922,27802470,1
4923,17171402,1
4924,15427921,1
4925,56727460,1
4926,29800763,1
4927,698677,1
4928,46836930,1
4929,17963401,1
4930,2248244,1
4931,5362546,1
4932,23556179,1
4933,24032,1
4934,60834091,1
4935,11070362,1
4936,40872553,1
4937,48249951,1
4938,78099523,1
4939,77000875,1
4940,66232283,1
4941,74145641,1
4942,17583505,1
4943,77771267,1
4944,68898635,1
4945,68479010,1
4946,60787691,1
4947,75999266,1
4948,65886832,1
4949,77788323,1
4950,76899882,1
4951,56495170,1
4952,55117298,1
4953,56581416,1
4954,69456757,1
4955,19283034,1
4956,56949222,1
4957,9654232,1
4958,72170,1
4959,53908087,1
4960,22662096,1
4961,62650169,1
4962,56452888,1
4963,67773588,1
4964,849990,1
4965,15983583,1
4966,57180070,1
4967,78125011,1
4968,56670518,1
4969,63984680,1
4970,22234998,1
4971,53755232,1
4972,39164842,1
4973,47996344,1
4974,74076285,1
4975,32951944,1
4976,60846114,1
4977,66777859,1
4978,53033665,1
4979,17359125,1
4980,5863824,1
4981,34993042,1
4982,77764294,1
4983,74081622,1
4984,45427,1
4985,8177770,1
4986,76181121,1
4987,343653,1
4988,60327978,1
4989,54962971,1
4990,58231227,1
4991,31292464,1
4992,71855543,1
4993,57005125,1
4994,60356599,1
4995,31602210,1
4996,60686326,1
4997,65963192,1
4998,78158215,1
4999,46923717,1
5000,53426101,1
5001,60809184,1
5002,5403145,1
5003,73798047,1
5004,69852504,1
5005,44420772,1
5006,867099,1
5007,42127981,1
5008,57446576,1
5009,69481903,1
5010,69240832,1
5011,32524065,1
5012,63281086,1
5013,56241474,1
5014,37150079,1
5015,30385381,1
5016,3455135,1
5017,35854172,1
5018,78187522,1
5019,57520671,1
5020,71703041,1
5021,78177658,1
5022,78180097,1
5023,56791527,1
5024,77898001,1
5025,50312574,1
5026,43064456,1
5027,14914882,1
5028,45837221,1
5029,1545429,1
5030,70593986,1
5031,56205765,1
5032,67967304,1
5033,12922955,1
5034,35298047,1
5035,55680274,1
5036,78198639,1
5037,54400952,1
5038,78207870,1
5039,75811658,1
5040,77960005,1
5041,66255643,1
5042,26415734,1
5043,58077794,1
5044,36291154,1
5045,78207686,1
5046,78200588,1
5047,68750619,1
5048,8161732,1
5049,73369701,1
5050,39071216,1
5051,13511540,1
5052,72396715,1
5053,55553977,1
5054,65755452,1
5055,60569089,1
5056,68239267,1
5057,4701542,1
5058,67912749,1
5059,14694486,1
5060,70542636,1
5061,51440497,1
5062,26439789,1
5063,37284451,1
5064,40343536,1
5065,74871498,1
5066,2028533,1
5067,57607671,1
5068,78219774,1
5069,77029179,1
5070,26366817,1
5071,51241381,1
5072,14567367,1
5073,76896762,1
5074,77815885,1
5075,75292780,1
5076,2838061,1
5077,66522975,1
5078,64934065,1
5079,74145587,1
5080,57498605,1
5081,60053370,1
5082,43662001,1
5083,77752291,1
5084,78253286,1
5085,32117000,1
5086,52239827,1
5087,10201449,1
5088,72190938,1
5089,78221607,1
5090,17215353,1
5091,17329948,1
5092,73784328,1
5093,70127521,1
5094,78247134,1
5095,48530260,1
5096,78266745,1
5097,54023105,1
5098,51574556,1
5099,78229417,1
5100,66567467,1
5101,62869295,1
5102,69377739,1
5103,78266564,1
5104,62474823,1
5105,78266645,1
5106,22965627,1
5107,60834232,1
5108,67549909,1
5109,69633036,1
5110,62218655,1
5111,75991586,1
5112,28262520,1
5113,40208502,1
5114,50817724,1
5115,22429353,1
5116,73092365,1
5117,66918161,1
5118,63513294,1
5119,72550836,1
5120,36604974,1
5121,62581378,1
5122,54744561,1
5123,16641106,1
5124,45942728,1
5125,303288,1
5126,41502335,1
5127,48239939,1
5128,39529004,1
5129,67762640,1
5130,38939152,1
5131,51816937,1
5132,75705271,1
5133,7595740,1
5134,21622336,1
5135,45460331,1
5136,58468764,1
5137,54192130,1
5138,33095648,1
5139,27891827,1
5140,78308817,1
5141,58756388,1
5142,35014412,1
5143,78311384,1
5144,41779960,1
5145,67947191,1
5146,70732261,1
5147,39046735,1
5148,78296436,1
5149,25308990,1
5150,48558476,1
5151,78312140,1
5152,51770697,1
5153,77127464,1
5154,78318844,1
5155,51093129,1
5156,69535025,1
5157,78328101,1
5158,78313413,1
5159,22149750,1
5160,1035670,1
5161,78324887,1
5162,57478796,1
5163,26105977,1
5164,71102446,1
5165,2143948,1
5166,49788190,1
5167,67504001,1
5168,60703883,1
5169,61318993,1
5170,23078829,1
5171,28878942,1
5172,48042702,1
5173,62294325,1
5174,3228489,1
5175,56322181,1
5176,60786248,1
5177,3704135,1
5178,31585543,1
5179,21835514,1
5180,43003296,1
5181,72202776,1
5182,38735375,1
5183,54229345,1
5184,19223552,1
5185,64403692,1
5186,76571129,1
5187,62373993,1
5188,46426109,1
5189,74971480,1
5190,10221493,1
5191,12441593,1
5192,30942783,1
5193,68953174,1
5194,43019021,1
5195,67359612,1
5196,1227507,1
5197,49180590,1
5198,27711787,1
5199,20070777,1
5200,53556171,1
5201,70484570,1
5202,78332459,1
